"GeneID","Control_1","Control_2","Control_3","Riesgo_nut_1","Riesgo_nut_2","Riesgo_nut_3"
431704,0,0,0,0,0,0
105371265,0,0,0,0,0,0
101928595,82,69,60,148,282,147
9978,877,1066,147,1175,721,1153
92342,186,366,38,172,137,170
101928832,0,0,0,0,0,1
84103,0,0,0,0,0,0
100529207,290,463,324,412,238,355
22828,242,565,450,377,275,359
55253,162,313,251,243,151,306
79789,179,180,213,582,256,349
11176,220,532,1445,501,519,611
105377651,1,0,0,2,6,1
105376781,11,9,106,13,15,13
220,1,2,1,1,2,1
100189179,0,0,0,0,0,0
101928570,1,0,0,0,0,0
105369914,7,4,0,8,3,0
407017,0,0,2,0,0,0
6019,16,31,11,14,16,15
100129781,0,4,1,0,0,1
105371031,0,0,0,0,0,0
9636,4894,1204,1960,574,966,575
101927000,0,0,1,0,0,0
100113381,8,13,8,3,3,2
56906,2,0,0,1,1,5
10111,476,982,297,672,666,794
8899,1406,2563,681,1169,800,824
2066,0,0,0,0,0,0
115704,33,72,326,28,41,116
55343,58,112,448,87,77,235
102723576,0,0,0,0,0,0
105376422,0,0,0,2,0,0
105377255,0,0,0,0,0,0
4792,455,802,751,649,548,710
105378522,0,0,0,0,0,0
5689,877,1611,939,1852,1220,1569
101927431,0,0,0,0,0,0
105370958,0,0,0,0,0,0
51109,374,708,381,741,496,984
101928154,0,0,0,2,0,0
105375334,0,1,0,0,1,0
200539,10,41,62,15,16,24
100192426,0,0,0,0,0,0
105375547,23,12,8,45,20,34
283521,39,62,74,36,68,43
56995,123,336,138,140,118,198
105379712,0,0,0,0,0,0
101929538,3,2,7,18,4,40
105369919,0,0,0,0,0,0
574491,0,0,0,0,0,0
221935,1,10,14,10,2,9
10247,86,138,21,89,47,72
107986482,7,2,0,42,21,2
55011,265,674,1168,353,359,820
8237,62,230,927,52,91,348
442911,0,0,0,0,0,0
2669,0,0,2,0,0,1
81871,0,0,0,0,0,0
105372935,24,4,3,2,6,5
253738,3,3,5,4,1,4
400566,10,3,46,21,3,35
105373043,2,7,2,2,4,4
284454,171,207,491,202,203,190
105376197,0,0,0,0,0,0
105379119,0,0,0,0,0,0
392197,0,0,0,0,0,0
102465841,0,0,9,1,0,1
9358,1,0,0,0,0,0
107987299,7,13,25,11,9,20
105370790,0,0,0,0,0,1
285016,2,7,1,0,0,0
100289410,9,12,11,5,2,7
101927325,3,7,22,6,5,9
100132813,0,1,0,0,0,0
280655,2,3,2,4,4,4
105379550,0,0,0,0,0,0
5241,0,0,0,0,0,0
30827,246,581,1665,314,427,886
26869,0,0,0,0,1,0
167359,1,1,3,0,0,6
9501,8,7,76,26,9,19
952,436,986,768,276,467,593
101410536,0,0,0,0,0,0
283483,0,0,0,0,0,0
107986780,0,0,0,0,0,0
10752,4,7,1,3,5,4
100500913,0,0,0,0,1,0
101928216,0,0,0,0,0,1
3858,60,128,309,196,111,215
100616391,0,0,0,0,0,0
9772,87,229,892,110,111,320
400553,0,1,1,1,2,1
9804,934,1856,585,1316,973,1238
2056,0,0,0,0,1,0
102723948,0,0,0,0,0,0
29956,631,1294,1664,999,741,1496
353135,0,0,0,0,0,0
105376157,0,0,0,0,0,0
23558,931,915,3508,1374,1130,2048
26355,254,503,246,289,322,406
107986699,0,4,3,2,0,1
105369798,0,0,0,0,0,0
400128,0,0,1,0,0,0
693165,0,0,0,0,0,0
1397,51,178,637,47,60,53
107986683,0,0,0,0,0,0
107984235,0,0,0,0,0,0
348378,73,181,225,94,175,260
107985085,0,1,0,0,0,0
10068,43,89,182,41,47,152
105379475,0,0,0,0,0,0
85015,102,297,71,114,81,84
107984011,1,0,0,2,0,1
8838,18,24,6,9,5,7
138151,175,178,269,725,248,256
50640,570,1133,136,530,293,312
107986008,0,0,3,0,1,3
285550,504,623,106,1066,447,347
107987390,0,0,0,0,0,0
283820,81,130,606,182,164,408
728378,0,0,0,0,0,1
8774,370,643,119,401,235,283
105374985,47,52,20,176,241,692
399827,0,0,0,0,0,0
107985189,1,4,8,1,5,2
105378569,0,0,0,0,0,0
79024,0,0,0,2,0,6
7122,15,20,55,34,43,141
107984982,0,0,0,0,0,0
23194,0,0,1,0,0,0
3028,210,592,898,460,426,640
102724122,0,0,0,0,0,0
4535,31808,40645,30469,81438,82315,90745
120406,1,0,1,2,3,0
107987362,1,2,1,1,3,0
7401,0,0,0,1,3,0
25989,283,890,1000,343,385,762
105378976,0,2,5,4,3,3
107986980,0,0,1,3,0,0
735301,18,31,14,28,44,24
284593,0,0,1,1,0,0
107986104,0,0,0,0,0,0
307,158,377,429,301,260,372
105372897,0,0,0,0,0,0
338785,1,0,1,0,0,4
150465,121,249,196,196,127,172
54660,0,0,0,0,0,0
105372146,0,0,5,1,4,2
57010,6,19,69,11,7,7
285103,0,0,0,0,0,0
105370342,0,0,0,0,0,0
5066,138,210,113,109,74,182
105369756,0,0,0,0,0,0
7203,1004,2367,3015,1406,1228,2788
101928334,0,2,0,0,0,0
101929025,0,0,1,0,0,1
90865,2,0,0,0,0,0
150538,0,0,0,0,0,0
401497,0,0,0,0,0,0
387914,1,11,1,1,2,3
221336,3,3,4,2,0,1
50945,0,0,0,0,0,0
26819,15,46,32,19,23,29
149483,58,38,69,76,79,58
105375047,1,0,3,0,0,0
6638,246,478,664,344,308,601
105378734,0,0,0,0,0,0
350,0,0,0,0,0,0
390323,0,0,0,0,0,0
105377439,0,0,0,0,0,0
89801,57,222,300,73,77,162
105373430,1,7,0,0,3,1
10840,0,0,1,0,0,0
256364,181,425,2378,311,373,913
51205,42,109,150,96,38,121
9937,84,211,41,63,55,251
105369909,0,0,0,0,0,0
1286,12,21,22,8,18,16
9213,266,485,170,354,187,251
101929162,15,32,35,23,13,15
677794,0,0,0,0,0,0
105376489,0,0,0,0,0,0
105375115,0,0,0,0,0,0
105370679,0,1,0,0,0,1
107984009,0,0,0,0,0,0
100144595,0,0,0,0,0,0
653689,1,1,0,0,0,0
10472,649,1242,626,685,449,554
6330,0,0,1,0,0,0
28922,9,25,9,17,39,25
105377581,0,0,0,0,0,0
105379149,0,0,0,0,0,0
100128682,12,4,1,23,37,4
442425,0,0,0,0,0,0
101928128,0,0,0,0,0,0
2979,9,15,89,25,19,27
2935,3094,2638,1619,1609,1956,2094
105416157,4,9,7,5,3,7
100313887,4,11,3,2,0,3
105379301,0,1,0,0,3,0
105374426,4,0,0,7,2,3
406964,0,0,0,0,0,0
7857,0,4,0,0,0,0
107984539,1,4,6,2,3,5
105375850,0,0,0,0,0,0
105369954,0,1,0,0,0,2
146059,57,103,371,71,63,130
339318,155,418,43,101,59,101
100996930,0,1,0,0,0,2
100506022,1,0,0,1,0,4
1230,1718,684,745,1810,762,768
105378827,0,0,1,2,0,0
4714,473,941,1480,983,837,1079
105378585,0,0,0,0,0,1
84570,1,3,2,0,0,1
100101116,0,0,0,0,0,0
100170220,0,0,0,0,0,0
10575,966,2131,1714,1479,1272,1783
100506302,55,67,60,52,57,65
107985898,2,2,3,1,1,5
440456,129,290,387,171,160,206
107986602,0,0,0,0,0,0
105375418,0,0,0,0,0,0
6774,435,514,2264,1451,991,1249
8999,2,1,4,1,0,1
105370593,0,0,0,0,0,0
105377793,0,0,0,0,0,0
105370508,0,0,0,0,0,0
23035,60,132,66,37,42,48
8613,5,14,11,10,1,4
1471,2171,1682,3758,4853,2146,3893
1444,0,0,0,0,0,0
55745,838,1370,272,626,317,459
107987008,0,0,0,0,0,0
54212,0,0,0,0,0,0
91,44,72,205,75,28,91
25802,2,3,5,0,1,4
54752,4,11,25,3,4,9
768211,244,398,189,418,258,310
101928351,0,0,0,0,0,0
727699,0,0,0,0,0,0
100132987,0,0,0,0,0,1
107985798,0,0,0,0,0,0
100169755,0,0,0,0,0,0
101927202,12,44,28,9,23,23
151484,1,1,1,0,1,0
3693,49,45,202,152,106,372
107986952,0,0,0,0,0,0
105376882,0,5,0,0,1,5
3273,0,0,0,0,0,0
1544,0,0,0,0,0,0
54946,96,267,391,119,122,249
2327,1,0,1,0,1,1
102465521,0,0,2,0,0,1
105375776,0,0,0,0,0,0
105377207,0,0,0,0,0,0
4318,65,27,49,687,213,218
101929321,0,0,0,0,0,0
26145,54,145,517,64,73,211
105377362,0,0,0,0,0,1
54932,21,63,126,45,55,104
105375167,0,0,0,0,0,0
23051,15,61,205,30,37,88
79720,186,410,1301,505,548,725
105372574,0,0,0,0,0,0
653067,1,0,0,1,0,0
100131801,261,250,208,717,478,307
200420,0,0,3,2,0,0
105373061,0,0,0,0,0,0
102724197,0,0,0,0,0,0
284366,0,0,0,0,0,0
105378512,20,44,15,23,18,25
105371605,1,3,0,1,5,3
105379514,0,0,0,0,0,0
105375087,0,0,0,0,0,0
158960,10,23,15,29,15,26
6550,73,214,152,68,57,129
105378849,0,0,0,0,0,0
100500895,1,2,3,5,8,8
145200,10,20,2,30,18,4
106635539,3,6,4,7,5,10
55291,1197,2096,642,1474,994,1172
105376479,0,0,0,0,0,0
8819,57,71,34,60,30,57
163590,348,657,393,544,351,438
107985806,0,0,0,0,0,0
406993,0,0,0,0,0,0
105376753,0,1,3,1,0,1
101410542,0,0,0,0,0,0
3985,530,530,1320,1129,780,513
285205,0,0,0,0,0,0
6368,31,13,8,0,3,32
3078,0,1,0,0,0,0
10221,279,310,114,569,353,240
23065,112,251,344,152,163,282
102465871,2,7,11,1,10,10
114655,0,0,0,0,0,0
23060,84,190,616,169,124,276
401312,0,6,1,3,1,0
28649,0,2,1,1,0,0
105370246,0,0,0,0,0,0
90226,0,0,0,1,0,0
441525,0,0,0,1,0,3
105371932,42,95,66,38,33,67
138948,15,48,316,26,11,56
26276,88,184,336,141,106,236
9986,71,213,278,102,117,191
25759,0,0,9,1,2,1
6461,6,3,16,3,1,8
100289373,6,14,8,13,17,12
153,1,3,13,3,5,2
23594,14,31,11,19,19,15
101927745,1,1,0,0,0,4
102723316,0,0,0,0,1,0
101929106,0,0,0,0,0,0
63935,153,369,1421,263,285,702
107985500,0,0,0,0,0,0
780776,72,162,201,130,116,184
2864,0,1,3,0,0,1
727856,12,11,9,38,14,55
105378649,5,12,13,2,2,9
406896,1,0,1,1,1,0
100506422,0,0,0,0,0,0
26266,6,9,48,9,7,22
101927233,4,6,9,6,3,0
105369791,0,0,0,0,0,0
100287045,0,0,0,0,0,0
107985485,1,1,4,1,1,2
107985748,0,0,0,0,0,0
107987182,0,0,0,0,0,0
105379110,0,0,0,0,0,0
105370625,0,1,1,1,0,1
116447,84,169,370,116,103,264
105378935,1,0,0,0,0,0
84152,1,0,1,0,0,2
5903,918,1730,488,1014,563,779
1181,6,25,45,14,7,23
6954,0,0,0,0,0,1
101059948,0,0,0,0,0,0
105377815,0,0,0,0,0,0
673,489,841,266,493,314,425
162,157,550,2031,281,273,869
107986682,0,0,0,0,0,0
105378424,0,0,0,0,0,0
101928226,2,0,0,1,0,0
150274,82,159,90,118,86,120
23753,69,214,294,171,228,189
102724801,0,0,0,0,0,0
105376195,0,0,0,0,0,0
105375841,0,0,0,0,0,0
145581,0,1,0,0,0,0
107984674,0,0,0,0,0,0
105374394,0,0,0,0,0,0
107987178,0,0,0,0,2,0
8936,20,61,48,22,16,39
9096,0,0,0,0,0,0
693177,0,0,0,0,0,0
100170221,0,0,0,0,0,0
4686,439,971,401,467,331,460
60686,118,239,364,260,193,296
393,1374,3096,7794,2917,2684,5372
102724474,0,1,0,0,0,0
619208,11,20,7,11,11,19
10141,0,0,0,0,0,0
100422847,0,0,0,0,0,0
100874190,0,2,0,1,0,0
401242,0,0,0,0,0,1
100775107,35,101,110,15,22,48
6049,461,782,151,300,168,281
55325,230,388,201,252,209,323
105372566,1,0,1,0,0,0
84939,107,299,489,159,125,287
1346,0,0,1,0,1,0
100189011,2,2,0,1,0,0
441208,2,1,5,2,1,0
112703,18,39,108,28,14,40
246286,0,0,1,0,0,0
9338,73,148,37,67,41,63
84614,292,641,420,341,180,211
101929347,0,0,0,0,0,0
105378565,0,0,0,0,0,0
440307,1,6,6,2,1,1
105376040,0,0,0,0,0,0
105371608,0,0,0,0,0,1
100500888,3,20,77,7,7,33
55052,337,652,489,598,418,631
23601,69,78,36,102,59,51
8228,40,123,100,69,84,94
285513,544,1029,259,451,264,333
729967,15,32,6,35,22,22
105372948,1,3,2,0,2,1
105372730,0,0,0,0,0,0
100861545,0,0,0,0,0,0
107987053,0,2,0,0,0,1
284751,9,5,6,60,34,10
84245,180,512,503,146,128,204
7769,314,669,111,353,301,328
22931,1082,1773,187,1721,671,618
105372990,0,2,6,0,6,7
107984999,0,2,0,0,0,0
105372738,0,0,0,0,0,0
107986178,2,4,3,7,2,2
100616417,0,0,2,1,0,1
112268096,0,1,1,0,0,0
101927610,11,41,5,18,19,18
105377061,0,0,0,0,0,0
105379327,17,9,13,5,13,6
388695,66,114,135,116,140,165
283237,222,323,313,261,174,272
2784,0,3,4,2,3,7
2254,2,1,0,2,1,2
105371880,0,0,0,1,0,0
2849,0,0,0,0,0,0
731157,0,1,0,0,0,0
3812,4,11,23,1,9,75
283854,0,0,0,0,0,0
105375582,0,0,0,0,0,0
390999,0,0,0,0,0,0
101928169,0,0,0,0,0,0
147007,188,364,431,254,225,316
105371853,0,0,0,0,0,0
100288152,7,21,86,23,16,40
100423035,0,0,0,0,0,1
105376356,0,0,0,0,0,0
9203,52,182,443,79,89,243
153770,3,9,4,8,12,10
102724551,0,0,0,0,0,0
107984040,0,0,1,0,0,2
101060017,0,0,0,0,0,0
105374901,0,0,0,0,0,0
9069,16,25,2,7,3,7
283446,4,14,8,1,4,6
107987240,0,0,2,3,2,1
10734,51,85,262,55,84,105
105375318,0,0,0,0,0,0
105371970,3,6,0,1,1,0
105374660,0,0,0,0,0,0
105378408,3,1,2,0,2,4
58475,2463,1529,300,1321,482,369
6990,298,502,30,194,109,132
151171,0,0,0,0,0,0
107984801,0,0,0,0,0,0
107984205,0,0,0,0,2,0
100189343,0,0,0,0,0,0
84941,1378,1349,2560,631,1130,1698
10650,2,6,14,1,0,9
105371030,0,3,5,2,1,4
107986977,0,0,0,0,0,0
107986107,0,0,0,1,0,0
105374063,9,4,2,5,3,4
105374945,0,0,0,0,0,0
407000,0,0,0,0,0,0
100616150,0,0,0,0,2,0
100271715,5,5,1,5,1,3
107984627,0,0,0,0,0,0
105377105,10,21,93,7,10,37
101669762,0,0,1,0,0,0
100616276,1,8,82,1,7,12
100847018,0,0,0,0,0,0
9025,61,113,205,86,77,185
100189155,0,0,0,0,0,0
105375315,0,0,0,0,0,0
105372770,0,0,1,1,1,1
81556,136,379,484,198,175,387
1607,0,0,0,0,0,0
28473,33,198,11,22,192,235
107984442,0,1,2,0,0,0
387319,0,0,0,0,0,0
105378656,0,0,1,0,0,0
83660,1,3,8,4,3,4
105378666,0,0,0,0,0,0
26153,0,0,5,0,0,1
5134,693,1298,564,765,625,816
390502,2,0,1,0,0,0
105379752,0,11,12,7,17,26
107986709,0,0,0,0,0,1
85464,1339,1616,1610,3590,2065,1993
8771,6,13,25,7,10,14
360,101,316,917,108,103,315
728498,61,40,20,53,19,14
3235,0,0,0,0,0,0
105370343,0,0,0,0,0,0
107984271,14,15,7,13,12,31
105376136,3,5,5,1,5,3
105378404,0,0,0,0,0,0
100616116,2,7,6,1,2,2
6880,566,1039,109,728,549,565
10390,1408,3163,534,1465,1079,1223
112268091,2,4,0,0,0,1
692149,0,1,0,0,0,0
101927410,0,0,0,0,0,0
100507600,25,29,13,0,0,12
105377003,0,0,0,0,0,0
102723910,0,0,0,0,0,0
107984385,0,0,0,0,0,0
7626,211,402,153,151,102,137
28903,56,115,45,60,361,172
56106,0,1,1,0,0,0
101929331,7,12,7,47,21,24
53836,0,0,0,1,0,0
8707,6,20,1,7,5,7
107986053,0,0,0,0,0,0
432,93,54,74,308,90,117
105370301,0,0,0,0,0,0
51501,356,473,251,464,276,369
256979,1,1,2,3,1,3
107985412,0,0,0,0,0,0
105374879,0,0,0,0,0,0
3998,769,1469,282,417,490,566
155,0,0,0,0,0,0
107985836,0,0,0,0,0,0
105370079,0,0,0,0,0,0
495,0,0,1,0,0,0
57111,4,3,10,6,2,9
28679,0,0,0,0,0,0
729246,0,0,0,0,0,0
158435,0,0,0,0,1,0
105369305,0,0,0,0,0,0
340515,0,0,0,0,1,0
100134015,9,13,72,4,10,26
3767,0,1,6,0,0,0
6280,58570,20825,5537,451511,149154,43429
105373623,0,0,0,0,0,1
100507506,1,2,0,0,1,2
7130,1142,270,54,264,340,81
105374369,2,1,1,3,1,3
56342,55,150,508,69,77,199
768215,0,0,0,0,0,0
89910,144,272,517,218,150,239
143282,10,41,35,19,13,19
102725068,42,49,48,31,29,59
9093,138,317,590,121,98,303
105378612,0,0,0,0,0,0
729614,80,160,57,138,79,95
9924,160,414,702,207,203,384
361,0,1,0,0,0,0
28727,0,1,1,0,1,0
1733,0,1,4,3,3,0
56270,220,473,449,176,145,258
100423040,0,0,0,0,0,0
51090,18,36,92,12,19,28
107986929,17,6,14,29,29,10
388336,0,0,0,0,0,0
84948,29,76,263,43,58,94
105374786,0,0,0,0,0,0
6490,7,9,73,4,5,11
6701,0,0,0,0,0,0
105376642,0,0,0,0,0,0
374875,21,30,47,19,16,22
107985259,2,4,2,4,3,2
11152,737,966,1405,875,791,979
105372317,0,0,0,0,0,0
105376786,15,8,6,54,36,8
368,9,13,15,33,24,35
60672,345,443,750,530,403,536
400212,1,1,0,3,0,0
107985139,24,48,32,19,7,11
101929057,11,14,26,4,4,8
105378452,0,2,1,2,4,2
56889,1573,2805,515,1602,1088,1239
8687,0,0,0,0,0,0
6487,28,65,218,95,62,123
107986715,0,3,0,1,0,0
6256,399,385,2237,988,524,729
105374802,0,0,0,0,0,0
105373148,8,2,5,2,2,1
219952,0,0,0,0,0,0
105375176,0,2,0,2,3,2
10677,105,59,114,180,146,63
64151,89,162,26,152,132,92
100288077,1,1,0,2,0,1
550113,0,1,0,0,0,0
28565,0,0,0,0,0,0
100874156,0,0,0,0,0,0
102465248,4,9,8,8,4,15
85569,0,0,0,0,0,0
101930048,0,0,0,0,0,0
107985434,0,0,0,0,0,0
28761,0,0,0,0,1,0
105373610,0,0,0,0,0,0
100506746,7,15,8,10,19,15
103752589,0,0,4,9,7,5
102723167,1,2,0,0,3,0
8437,28,108,203,57,64,128
55258,1,3,25,19,1,4
105370912,0,0,0,0,0,0
3645,0,0,0,0,0,0
105374659,0,0,0,0,0,0
5774,0,2,5,0,0,0
137994,75,95,72,163,96,102
100500914,0,0,1,0,0,0
26851,0,1,0,0,0,0
11199,2,3,0,0,0,0
285962,16,26,9,21,24,24
253582,0,0,0,0,4,0
503693,9,6,5,10,12,8
105371642,0,0,0,0,0,0
164633,37,66,96,86,52,61
105372572,1,0,0,0,0,0
100422867,0,0,0,0,0,0
101928004,15,14,20,19,20,13
112268168,0,0,0,1,2,2
106660613,9,22,32,3,11,10
91050,19,23,44,79,44,58
124454,79,159,239,99,104,159
728358,117,79,202,99,41,184
345651,0,0,0,0,0,0
105377560,0,0,0,0,0,0
105447648,0,0,0,0,0,0
105377290,0,0,0,0,0,0
29911,25,62,189,97,75,99
105373218,3,4,8,4,11,5
54753,23,99,174,15,48,96
105375704,0,0,0,0,0,0
55856,426,640,238,628,409,460
7328,560,623,1477,593,432,960
112268261,15,55,135,25,32,108
105370924,0,0,0,0,0,0
100616237,0,0,0,0,0,0
105377790,0,0,0,0,0,0
25878,0,0,0,0,0,0
51480,0,0,0,0,0,0
25928,0,0,0,0,0,0
728637,5,4,2,6,2,2
6204,5618,12745,2041,9245,9235,9403
6871,115,236,233,132,101,170
252954,0,0,0,0,0,0
114899,41,110,31,50,41,81
22871,1,0,0,1,0,1
199870,147,328,152,161,130,142
103021164,1,1,1,1,0,1
107984649,3,0,0,0,0,0
105370324,0,0,0,0,0,0
5284,1,2,4,1,0,4
22937,201,499,1785,319,416,795
84795,53,70,207,43,43,108
8559,328,545,186,349,197,309
85369,110,290,604,99,90,237
55384,0,0,6,0,0,3
101927089,0,0,0,1,0,0
105369591,0,0,0,0,0,0
105375081,0,0,0,0,0,1
100132154,0,3,0,1,0,2
84733,3,17,83,13,1,25
107986678,0,0,0,0,0,0
2152,0,0,0,1,0,0
105378118,0,0,0,0,0,0
105378860,0,0,0,0,0,0
8857,40,155,1504,42,50,157
23389,540,763,314,922,511,436
102723967,0,0,0,0,0,0
100861507,0,0,0,0,0,0
101928845,0,0,0,0,0,0
23367,92,327,1015,161,111,380
100874296,0,0,0,0,0,0
112268433,0,0,0,0,0,0
400123,1,1,0,0,0,0
56172,349,469,1439,242,170,364
84898,702,513,323,1834,834,770
10202,1,0,0,0,0,1
5217,29,32,14,23,14,20
49855,146,412,144,236,255,220
102466268,0,0,0,0,0,0
107984748,0,2,4,1,1,0
101929565,0,1,0,0,0,0
10381,11,78,63,7,6,11
101928846,3,7,5,6,11,7
100652853,8,14,11,10,15,13
57129,330,567,61,581,359,402
23648,186,267,1195,208,254,722
26578,1180,1329,1371,2337,1188,1686
100302232,1,2,2,2,1,2
344875,0,1,0,0,0,0
53828,1,0,1,0,1,0
100302234,0,0,0,0,0,0
107985396,0,0,0,0,0,0
10944,1721,3049,819,1410,991,1405
100302203,0,0,0,0,0,0
105379537,0,0,0,0,0,0
28568,81,121,638,80,91,374
100133204,41,37,13,52,29,21
168620,5,14,27,2,24,22
64837,27,67,305,30,39,127
29970,2,1,0,2,0,0
148581,0,0,0,0,0,0
84197,6,5,3,1,3,3
101929574,5,11,4,4,5,5
100996732,0,1,1,1,0,1
6911,8,8,34,6,13,31
102723727,0,2,1,1,0,0
101927229,0,0,0,0,0,0
105379073,0,1,0,0,0,0
389123,0,0,0,0,0,0
3692,388,668,1384,666,619,1175
28357,0,0,0,0,0,0
64792,10,80,68,44,41,69
221662,0,0,0,0,0,0
79345,0,0,0,0,0,0
101929983,0,0,0,0,0,0
100422932,0,0,0,0,0,0
30846,0,1,1,1,0,1
728927,181,469,125,117,91,97
100506563,0,0,0,1,0,0
102723451,3,16,7,4,2,1
112267965,18,39,7,15,17,21
105374839,0,0,0,0,0,0
132851,0,0,0,0,0,0
8673,1108,1889,965,2410,1401,1637
107984505,1,8,1,3,3,3
84627,7,10,91,10,7,14
678,2313,3768,1639,2888,2276,2226
101927655,95,164,555,206,182,345
100422844,0,0,0,0,0,0
102724874,0,0,0,0,0,0
102465492,2,5,2,1,2,0
107984641,1,0,1,0,1,0
5187,24,52,298,21,29,114
79970,156,438,585,250,288,458
107987384,0,0,0,0,0,0
105376850,0,0,0,0,0,0
105369976,0,0,0,0,0,0
57728,143,229,129,125,93,128
84958,656,1498,3404,1076,1142,2029
54785,175,344,606,291,252,421
10137,436,939,879,570,431,677
100507470,0,0,0,0,0,0
107987238,4,6,16,4,2,7
149076,50,127,528,97,74,217
474152,0,0,0,0,0,0
26035,193,336,74,267,76,97
170589,0,6,7,0,0,2
105370060,0,0,0,0,0,0
284004,326,675,1269,463,687,829
105370223,0,0,0,0,0,0
406910,0,0,0,0,0,0
107986718,0,0,0,0,0,0
403239,0,0,0,0,0,0
6905,164,290,97,225,146,246
53940,0,0,0,0,0,0
105369350,3,1,0,0,0,1
105379311,0,0,0,0,0,0
100652781,16,119,51,26,34,65
102465501,4,13,6,7,6,8
823,237,527,2750,451,300,1125
151174,8,15,19,2,5,15
148709,4,9,2,4,2,6
728137,0,0,0,0,0,0
100996648,0,0,0,0,0,0
79643,130,284,689,288,205,492
7060,15,42,50,13,13,22
107984275,2,10,8,5,2,3
105378355,0,0,0,0,0,0
407037,0,0,0,0,0,2
105377229,0,0,0,0,0,0
101926926,1,1,0,0,0,0
83549,159,396,438,340,278,391
100506514,0,1,0,0,0,0
728658,3590,9172,1068,5531,5342,6282
404550,61,318,201,134,160,172
339344,25,59,146,57,46,92
101867536,14,29,16,7,8,16
100316904,135,300,971,267,331,634
105376595,0,0,0,0,0,0
105378208,0,0,0,0,0,0
11138,142,177,146,248,91,138
55653,68,212,195,53,118,232
4225,1,3,1,1,0,0
1195,3987,8805,564,1759,771,1053
84057,11,19,2,29,9,15
100189178,0,0,0,0,0,0
57630,15,14,5,17,13,11
105370610,0,0,0,0,0,0
729461,0,0,0,0,0,0
10384,878,1549,1913,802,961,1126
135886,0,0,0,0,0,0
6124,27550,75630,17997,40490,36069,53673
3189,1187,1536,886,1576,943,1102
105372449,1,1,5,0,0,0
283933,0,0,0,0,0,0
100288142,162,272,241,294,203,249
101927142,0,0,0,0,0,0
347694,0,0,0,0,0,0
4589,0,0,0,0,0,0
100286925,16,33,43,24,10,20
105370109,0,0,0,0,0,0
107986068,0,0,0,0,0,0
84960,12,29,65,10,12,21
339975,1,0,3,8,0,1
100189273,0,0,0,0,0,0
85509,0,0,0,0,0,0
79080,30,106,341,33,41,147
102724814,157,379,1017,277,310,714
646127,5,21,26,11,10,9
1909,0,0,0,0,0,0
10501,1,4,4,11,5,2
105378991,5,8,2,3,2,4
105371649,1,0,1,6,16,3
124935,204,314,1346,684,497,866
339766,0,0,0,0,1,2
92154,4,19,92,11,2,38
4695,325,414,223,539,365,385
105375871,0,0,0,0,0,0
84141,6,5,6,4,0,5
64129,1,0,0,0,0,1
4796,17,56,150,30,32,88
8641,0,1,1,0,0,0
101929685,0,0,0,0,0,0
105374206,0,0,0,0,0,0
100616339,0,0,0,0,0,0
105377259,0,0,0,0,0,0
101928995,0,0,0,1,1,0
51734,2928,1618,1402,10647,5966,2946
219899,322,434,121,173,111,147
105378492,0,0,0,0,0,0
106635544,0,0,0,0,0,0
406924,0,0,0,0,0,0
8780,3378,1511,1127,1270,727,1015
7351,1141,2795,11122,1379,1716,6952
441476,1,1,5,0,1,7
2781,32,108,165,215,136,222
105377017,0,0,0,0,0,0
107986372,8,16,14,4,9,10
105374053,0,0,0,0,0,0
105370759,0,0,0,0,0,0
84225,16,6,22,28,16,13
100616498,0,0,0,0,0,1
79078,83,182,188,181,130,193
105376949,0,0,0,0,0,0
374920,2,9,96,9,9,22
100874131,0,6,0,0,0,0
54994,305,628,1165,413,333,786
4122,410,581,907,812,583,658
3240,157,46,23,1116,19,79
58499,1,5,6,5,4,5
105369929,0,0,0,0,0,0
100506731,0,0,0,0,0,0
102724507,0,0,0,0,0,0
150384,2,4,9,4,6,7
107984532,5,25,15,0,13,4
105370421,0,1,0,0,0,0
105374468,0,0,0,0,0,0
5092,58,112,54,150,64,102
23133,109,298,578,136,118,223
164091,66,65,169,52,39,124
92806,66,116,118,124,90,117
101930112,20,40,44,27,35,45
28730,0,0,4,0,0,1
105372773,0,0,0,0,0,0
105374843,1,1,2,0,2,0
11340,394,747,215,462,337,336
100874043,3,1,1,18,6,0
102723490,0,0,0,0,0,0
100874366,0,0,0,0,0,0
387082,10,7,2,8,2,3
5501,2188,4177,1303,2677,2085,2352
400891,0,0,1,0,0,3
338811,65,44,17,27,27,16
55337,598,672,1005,467,499,777
107984701,0,6,4,1,1,6
100505739,0,0,0,0,0,0
84300,128,176,164,227,154,161
105375785,156,127,166,557,378,232
284618,114,240,609,209,195,366
112267899,1,0,0,2,0,0
10492,1243,2588,936,1342,901,1347
105376625,0,0,0,0,0,0
80024,211,524,1240,347,364,569
10267,6,10,7,18,16,15
79071,53,126,34,14,35,35
105375686,0,0,0,0,0,0
6646,399,534,331,613,410,426
107984117,0,0,0,0,0,0
100507398,21,41,22,28,19,25
105373575,0,0,0,0,0,0
101928233,9,6,8,2,1,6
347127,0,0,0,0,0,0
10673,4659,1664,181,2626,1424,881
102723640,1,0,1,0,1,1
8187,49,143,60,70,47,70
100500819,0,0,0,0,0,0
8324,0,0,1,2,0,0
693158,9,9,4,1,1,0
107985981,0,1,0,0,0,0
100127967,25,97,164,29,17,137
105370087,0,0,2,0,0,0
109623451,0,1,0,2,3,2
29959,458,856,1749,800,730,1636
388323,3,6,4,0,0,3
4340,0,0,0,0,1,0
284958,4,38,3,21,6,5
105374923,1,1,3,2,1,2
161582,9,11,1,28,13,12
670,17,34,61,12,20,45
105372877,11,9,14,6,4,7
116328,0,0,0,0,0,0
102723381,1,0,0,0,0,0
105373511,31,65,84,44,34,47
5930,1574,2769,437,2060,1804,1942
105377245,0,0,0,0,0,0
4853,1328,1406,983,3366,1445,1411
23148,1,1,1,0,0,0
105374959,0,0,0,0,0,0
64115,2395,2827,7500,6871,4836,7633
80168,0,0,0,0,0,0
105376097,0,0,0,0,0,0
107986185,0,0,0,0,0,0
693144,0,0,0,0,0,0
6398,1308,1099,1845,2574,2182,1380
105371653,0,0,0,1,2,0
9659,94,264,493,152,195,205
100036563,0,0,0,0,0,0
105379412,1,0,0,0,2,0
105376671,0,0,0,1,1,0
105379271,2,0,2,1,0,1
101927640,0,0,0,0,0,0
650655,1,2,1,1,1,0
2863,0,1,0,0,0,1
645166,1,1,0,2,0,2
112267879,4,7,4,3,2,6
105379114,0,0,0,0,0,0
112267873,1,2,1,2,1,0
6731,1591,3589,876,1558,1202,1396
9900,5,4,49,7,10,17
105370855,0,0,0,0,0,0
144108,257,349,151,307,186,230
102465256,10,14,77,7,4,15
105375478,0,0,0,0,0,0
101927603,16,21,37,51,40,21
28673,36,103,261,15,53,83
101929908,0,0,1,0,0,1
63920,14,32,5,17,13,9
574407,4,15,36,5,16,11
9337,1290,2204,901,1301,771,1091
83639,2,6,2,4,0,0
105374197,0,1,0,0,0,0
2051,91,297,1398,144,139,519
105374737,0,0,0,0,0,0
102724827,25,69,64,79,41,51
5936,554,1213,1576,739,623,1214
100033423,0,0,1,0,0,0
54516,265,376,182,384,291,302
112267938,2,9,0,1,2,1
5649,0,0,1,0,0,0
374387,1,2,0,1,2,2
84443,5,12,33,1,11,14
389151,0,0,0,0,0,0
107985132,0,0,0,0,0,0
3614,467,645,1781,1591,1009,1199
107986263,0,0,0,0,0,0
102725082,2,5,8,4,11,9
105370332,0,0,0,0,0,0
105375258,0,0,0,0,0,0
79230,96,145,146,110,72,130
4536,31381,44201,32949,65903,67820,80172
101928264,0,0,0,0,0,1
126661,3,20,22,7,8,13
1745,0,0,1,0,0,0
107984338,41,49,109,50,50,69
105378369,0,0,0,0,0,0
101927720,4,9,1,3,3,9
107985647,0,0,0,0,0,0
29107,92,236,231,131,130,230
1643,166,321,543,185,204,460
100033422,0,0,0,0,0,0
105371629,0,1,0,0,1,1
102725228,34,30,14,65,17,34
286499,4,1,0,0,0,0
4681,3,22,10,2,3,7
102724642,11,18,23,26,15,18
105373024,77,120,321,134,85,146
64066,0,0,0,0,0,0
402665,0,0,0,0,0,0
257062,0,0,1,0,0,0
2687,3,4,4,2,7,23
126767,0,0,0,0,0,0
105370429,0,0,0,0,0,0
3064,99,293,1223,165,175,509
645321,0,0,0,0,0,0
112268020,0,0,0,0,0,0
105376142,0,0,0,0,0,0
5091,9,20,101,22,8,58
101929352,0,0,0,1,2,1
112268037,0,0,0,0,0,0
105375239,0,0,0,0,0,0
23140,152,325,1042,187,179,427
105377315,0,0,0,0,0,0
100996331,0,0,0,0,0,0
150681,0,0,0,0,0,0
100505501,34,82,73,26,22,61
105373302,10,16,4,6,4,7
54600,0,0,0,0,0,0
8362,13,27,13,20,35,31
101929592,0,0,0,0,0,1
64106,0,1,0,0,0,0
84221,29,76,223,37,34,115
115861,0,0,0,0,0,0
26517,227,417,457,428,258,391
100133251,0,0,1,1,0,1
285051,0,4,1,8,5,2
25970,156,407,1563,207,231,594
246269,28,72,15,43,19,31
125919,28,67,48,37,25,45
644717,0,0,0,0,0,0
23132,25,72,300,37,39,105
654502,0,0,0,0,0,0
5009,0,0,0,0,0,0
100033805,0,0,0,0,0,0
101929422,38,58,26,78,57,34
25806,0,0,0,0,0,0
51225,276,587,1254,349,294,706
105372991,7,1,5,2,5,8
767563,0,0,0,0,0,0
101927688,4,3,4,4,5,4
107984830,0,1,1,0,2,2
105375912,0,1,0,1,0,1
105374540,0,0,0,0,1,0
105379182,5,49,33,14,24,13
100189214,0,0,0,0,0,0
102466518,0,0,0,0,0,0
26258,674,1077,217,480,263,312
105372160,2,0,0,2,3,1
105378091,0,0,0,0,0,0
105375489,80,134,191,185,137,173
54543,1468,3488,149,2031,2277,2049
102724802,0,0,0,0,0,0
2185,1025,1837,4854,2264,1629,2306
101929350,0,0,0,0,0,0
112268038,0,1,0,0,0,0
100616436,0,1,1,1,1,1
23597,539,497,372,647,394,397
574478,0,0,0,0,0,0
5201,410,756,399,501,359,583
144766,0,0,0,0,0,0
259287,0,0,0,0,0,0
104169671,0,2,0,0,0,7
100616355,0,0,0,0,0,0
107985934,0,0,0,0,0,0
160622,11,74,161,33,30,50
7205,11,36,149,51,68,69
728978,0,0,0,0,2,0
285,5,9,15,8,26,24
105369797,0,0,0,0,0,0
110091768,8,16,28,4,9,8
105374736,0,9,0,3,3,1
112267936,2,2,3,1,0,2
100126303,0,0,0,0,0,0
107986350,0,2,0,2,2,1
55082,3243,7427,659,1915,942,1030
100302220,0,0,0,0,0,0
105370515,0,1,0,0,0,0
107987087,0,0,0,0,0,0
23160,360,907,201,281,237,343
730100,0,0,0,0,0,0
100506498,0,0,0,0,0,0
5985,231,326,180,275,222,244
80833,353,535,1621,302,405,1025
107984942,1,0,0,0,1,1
26751,325,629,236,254,254,264
100874059,0,0,0,0,0,0
102723846,6,0,0,0,1,0
643414,0,0,0,0,0,0
105374914,0,0,0,0,0,0
107985571,0,0,1,0,1,0
101929173,0,0,0,0,0,0
107984905,0,5,3,1,2,0
9362,0,0,0,0,0,1
105374936,0,0,1,0,0,0
8723,420,649,62,345,169,262
105372525,0,0,0,0,0,0
374659,121,270,152,230,180,246
9372,9,35,63,13,45,49
105371933,1,2,4,1,4,1
283948,13,39,67,31,16,48
494324,0,0,0,0,0,0
7231,0,0,0,0,0,0
10458,26,42,112,51,33,83
2592,148,338,694,177,178,427
105373795,0,4,0,2,0,1
100874172,0,0,0,0,0,0
4600,2058,1039,2581,1904,1574,1321
729873,18,37,70,37,37,34
286530,300,906,2186,437,613,1234
9355,0,0,0,0,1,0
102723899,0,0,0,0,1,0
22836,86,122,24,25,18,41
55885,0,0,0,0,0,0
10919,71,235,1014,94,139,435
10951,289,582,523,573,401,516
644943,0,0,0,0,0,0
51009,603,1080,522,1001,739,681
107985120,3,21,18,1,2,8
109703458,63,120,71,95,79,120
28387,74,392,76,62,75,69
256227,5,20,5,6,15,20
105377420,0,0,0,0,0,0
26790,83,201,56,123,81,102
11145,87,68,65,75,84,96
100302263,0,0,0,0,0,0
767598,0,0,0,0,0,0
401135,0,1,0,0,0,0
647219,0,1,1,0,0,0
157922,77,158,187,118,61,123
103106903,0,0,0,0,0,0
29896,1062,2318,751,855,495,807
619569,9,11,6,8,8,8
79712,222,408,118,403,269,297
101927145,0,0,0,0,0,0
101929617,0,0,0,0,0,0
9645,229,217,926,283,214,304
125228,86,195,62,73,72,75
83955,4,6,1,5,4,4
5239,4,7,7,10,4,5
6294,244,475,2325,346,261,632
28552,0,0,0,0,1,0
5032,100,181,328,161,166,263
100506272,0,0,0,0,0,0
1462,4059,3472,787,16872,2727,3111
2960,226,404,85,117,76,125
107986473,0,0,0,0,0,0
5495,566,965,144,500,336,429
102723730,0,0,0,0,0,0
100422999,0,0,0,0,0,0
57463,73,186,442,61,67,247
728130,10,15,46,14,10,25
4619,0,0,0,0,0,0
8809,206,258,61,190,59,57
107985536,0,0,0,0,2,0
93611,186,436,655,294,325,645
101929343,0,0,0,0,0,0
7464,53,80,146,88,62,125
5276,15,6,1,6,2,8
7175,1159,1881,1355,1244,858,1554
149478,2,2,22,3,2,5
107984109,0,0,0,0,2,0
105374094,0,0,0,0,0,0
677803,1,1,2,1,0,0
109864271,13731,31078,125298,16758,22350,14662
100033817,0,0,0,0,0,0
6712,0,6,39,4,1,8
100616357,0,0,0,0,0,0
102723461,0,0,0,0,0,1
118432,0,0,0,0,0,0
107986782,0,0,0,0,0,0
728621,87,130,75,99,75,94
147686,43,87,69,46,56,60
139599,0,0,0,0,0,0
105369734,3,3,1,1,1,0
125997,0,0,0,0,0,0
154467,129,264,167,254,280,210
105377509,0,0,0,0,0,0
105371777,7,8,2,44,30,15
23179,38,30,26,69,13,18
3543,3,4,0,1,1,5
107984208,2,7,3,1,1,2
100996746,6,11,23,7,5,14
105370456,2,0,0,0,0,0
10846,0,0,0,0,0,0
693141,0,0,0,0,0,0
100874039,1,0,0,1,0,1
4570,3119,3919,770,5649,4683,3234
3172,0,0,0,0,0,0
26338,0,0,0,0,0,0
101928663,4,1,0,0,2,0
140890,796,1736,188,1101,1134,1324
6718,0,0,0,0,0,0
81127,0,0,0,0,0,0
101929373,0,0,0,0,0,0
374403,1665,4162,6624,2395,2823,4795
105376725,4,2,1,18,13,12
347732,4,17,17,7,4,7
101927039,2,1,1,3,0,4
93622,178,686,310,222,140,259
105379461,19,32,7,3,3,12
100507064,0,0,0,0,0,0
645030,0,0,0,0,0,0
6814,815,972,211,776,334,425
113278,0,0,0,0,0,0
100847079,36,70,153,50,67,112
100506787,0,0,2,0,1,0
60489,924,1991,1069,552,896,1510
100302278,0,1,0,0,0,1
338391,49,21,12,94,61,12
101929691,3,0,2,2,2,2
90050,0,0,0,0,0,0
257240,7,5,10,5,9,9
101929467,0,0,0,0,0,0
129521,0,0,0,0,0,0
105369333,0,0,0,0,0,0
107986908,0,0,0,0,0,0
107986447,0,0,0,0,0,0
100129196,17,70,54,19,26,48
105379030,0,0,0,0,0,0
105371671,0,0,0,0,0,0
81931,125,309,44,181,167,135
105374476,1,2,1,4,9,9
105370671,0,0,0,0,0,0
102465513,2,9,95,3,2,22
5146,9,28,20,8,10,16
404201,7,9,0,20,6,3
105370734,0,0,0,0,0,0
57291,251,591,282,356,415,444
23028,206,438,935,255,267,634
105379385,0,0,0,0,0,0
105370534,0,0,0,0,0,0
81929,237,642,303,272,206,264
693216,4,13,47,6,11,9
5831,11,25,50,20,24,30
54812,1011,1379,404,1584,1082,1144
102724379,0,0,0,0,0,0
109616985,0,0,0,0,0,0
11086,0,0,0,0,0,1
25763,0,0,0,0,0,0
55173,418,829,290,586,357,415
157680,278,498,297,350,228,277
79956,157,344,150,205,148,207
4094,368,579,138,417,221,239
6434,1564,3286,1080,1930,1299,1754
23208,123,251,228,136,147,187
5305,2639,2213,2464,2103,1504,2817
8934,575,1226,790,651,616,899
105373081,0,0,0,0,0,0
339855,16,12,25,14,26,20
105369504,0,0,0,0,0,0
54477,20,79,15,11,11,25
105369607,0,0,0,0,0,0
93323,57,92,164,81,66,127
25841,15,21,36,6,7,15
105371470,1,20,4,2,4,4
353288,0,0,1,0,0,0
7293,48,54,98,41,50,43
100422860,2,2,5,0,0,0
91522,0,1,5,2,0,2
554236,2,0,0,0,0,0
5530,810,1391,296,1755,1142,943
51440,30,67,165,19,25,55
105374071,220,99,136,125,206,97
10044,262,467,1837,512,390,813
101927388,0,0,0,0,0,0
440354,161,267,124,190,116,180
105377697,0,0,0,0,0,0
105374408,0,0,0,0,0,0
6902,645,1170,133,844,616,753
51228,369,707,521,1081,601,706
101929798,1,1,0,0,0,0
729396,0,0,0,0,0,0
254428,40,119,411,32,42,142
498,1384,4166,5743,2589,2113,4324
140834,1,0,0,0,1,1
105372937,0,0,0,0,0,0
220164,12,33,9,13,19,20
105375144,0,0,0,0,0,2
55080,448,904,935,510,579,1163
28704,0,0,0,0,0,0
100134040,0,0,0,0,0,0
79664,569,1404,287,517,318,454
2342,51,51,177,63,60,106
107987068,0,2,0,0,0,0
105376996,0,0,0,0,0,0
440292,0,0,0,0,0,1
5313,1,2,3,7,4,6
119587,0,0,0,0,0,1
101669767,0,0,0,0,0,0
105379167,0,0,0,0,0,0
6016,651,783,210,1373,488,490
101928731,0,1,0,1,2,5
80316,0,0,0,0,0,0
28674,26,93,280,11,22,86
4644,317,412,209,591,285,341
101928880,0,1,0,1,0,0
113839521,0,0,0,0,0,0
127068,0,0,0,0,1,0
107984543,0,3,1,0,7,3
28926,1,2,8,0,2,5
91300,4457,3174,12566,5292,4356,6197
3823,100,255,28,61,100,177
102724520,0,0,0,0,0,0
2035,737,1150,3754,667,690,1839
105372248,0,0,0,0,0,0
102466205,0,0,0,0,0,0
112609,0,1,1,2,0,0
250,0,1,0,0,0,0
105374636,11,17,4,3,16,13
100131176,17,89,48,13,24,27
740,249,476,783,264,264,578
101927183,0,0,0,0,0,0
105376325,0,0,0,1,0,0
728752,2,14,17,5,6,9
107984240,0,0,0,0,0,0
100509894,0,1,1,2,2,1
102723963,0,0,0,0,0,0
9542,1,0,1,0,1,1
79050,45,108,322,47,74,194
107985676,0,1,0,0,0,0
2934,291,278,1110,634,316,947
104472848,8,13,9,11,8,4
51013,362,658,298,629,450,525
26580,61,135,274,168,116,279
101929976,0,0,0,0,0,0
7376,445,652,1649,610,474,918
105375888,0,0,0,0,0,0
83941,185,400,101,218,91,141
7480,7,29,69,19,43,79
54682,142,103,83,432,158,137
105372504,0,0,0,0,0,0
728755,0,0,0,0,0,0
7849,1,10,23,27,11,67
9567,288,659,2904,363,392,962
107985669,0,0,0,0,0,0
2797,1,5,9,1,3,11
105378329,0,2,0,0,2,0
100463487,0,1,0,0,2,1
173,0,0,0,0,0,0
57136,675,852,1244,2095,1148,1361
54665,543,1266,254,490,373,481
121340,0,0,1,0,0,0
100996570,0,1,0,1,0,0
55805,33,127,24,33,75,65
107985124,38,23,5,77,28,17
105374249,3,21,7,8,4,4
8572,0,0,1,0,0,0
81557,12,25,89,13,23,30
107984037,0,2,0,0,0,2
102723624,0,0,0,0,0,0
317761,0,0,0,0,0,0
107985092,0,0,0,0,0,0
107985698,0,0,0,0,0,0
102724397,11,10,10,19,8,64
2003,0,1,0,0,0,2
101928298,0,0,0,0,0,0
6194,22174,56831,15865,32853,34783,46286
9586,1085,668,168,3341,1059,408
80124,1030,1358,192,817,476,469
105372859,10,17,41,20,16,24
2701,1,5,4,0,0,7
107986610,0,0,0,0,0,0
105374620,0,0,0,0,0,0
79944,18,48,18,21,14,26
105370412,0,0,2,0,0,1
219931,64,104,286,145,93,166
91703,2,8,18,7,10,18
128178,8,7,13,7,4,21
107986480,0,0,0,0,0,0
109616971,0,1,0,0,0,0
105372096,0,0,0,0,0,0
105377565,0,0,0,0,0,0
100505692,0,0,1,1,1,2
107984716,0,0,0,0,0,0
643036,2,1,0,27,16,3
7379,1,2,9,1,2,2
55144,542,942,477,691,397,703
105372630,0,0,0,1,1,0
285877,0,0,0,0,0,0
1844,61,212,186,48,70,182
101929188,2,5,5,4,8,2
105377364,0,0,0,0,0,0
100289656,1,0,0,0,1,1
148823,52,38,16,40,4,32
105376015,0,0,0,0,0,0
105377144,0,4,3,1,0,0
4922,0,0,0,0,0,0
693228,0,0,2,0,0,0
105373874,0,0,0,0,0,0
257202,0,0,0,0,0,0
56893,86,254,646,139,162,361
154796,40,71,36,33,31,28
79823,47,108,74,86,78,122
105374943,0,3,6,2,1,3
10783,79,80,122,140,67,85
23074,349,364,83,488,210,214
105369402,1,1,0,54,36,0
3036,1,0,0,3,9,3
337878,0,0,0,0,0,0
26747,34,96,72,46,43,74
494330,0,0,0,0,0,0
64216,123,324,87,90,71,78
100128340,10,2,53,8,17,9
151354,0,0,0,0,0,0
28743,0,21,53,0,11,2
93010,13,69,70,8,24,53
102724428,22,84,111,15,19,36
105377530,0,0,0,0,0,0
3073,289,801,1130,402,341,770
107985542,1,97,21,24,35,23
64689,171,346,460,276,142,306
1004,0,0,1,1,0,1
109623480,0,0,0,0,0,0
105378616,3,5,3,3,2,4
51642,326,663,145,517,425,418
100313840,0,0,0,0,0,0
105369923,0,0,0,1,0,1
101928659,2,9,7,15,3,3
105372726,2,2,11,1,4,7
4800,266,518,274,290,176,266
112268219,10,28,142,10,19,42
100189072,0,0,0,0,0,0
90326,111,236,430,224,172,320
3784,117,239,578,225,127,306
8435,0,4,15,4,2,3
57647,56,119,656,59,86,240
93664,0,1,0,1,0,0
29761,879,1123,332,666,342,532
105371267,0,0,1,0,0,0
100885798,0,0,0,0,0,0
105372641,0,0,0,0,0,0
101928000,27,48,24,73,54,55
102724355,0,0,0,0,0,0
100526832,6,15,8,6,4,7
105373162,0,0,0,0,0,0
161725,30,95,43,18,16,28
23300,401,821,396,456,328,638
101929894,3,7,15,8,9,8
157848,0,0,22,4,0,8
107984012,0,0,0,0,0,0
100189105,0,0,0,0,0,0
11316,708,1042,2543,1374,1153,1733
105378676,0,0,0,0,0,0
26832,0,0,0,0,0,0
7597,300,724,430,262,220,346
100125556,2,6,12,2,1,13
340485,60,56,35,76,29,76
619518,12,9,38,19,34,26
54715,0,0,1,0,1,0
105377016,11,18,20,12,30,29
23567,117,192,339,134,112,245
2779,0,0,0,0,0,0
8241,130,366,1445,222,212,663
10528,362,890,2112,597,732,1457
30818,1,0,1,0,0,0
105372785,0,0,0,0,0,1
107986893,0,0,0,0,0,0
79658,20,55,106,12,21,68
727944,0,0,0,0,0,0
105378225,0,0,0,0,0,0
79177,79,130,119,116,87,130
107986260,0,0,1,0,1,1
2596,0,0,0,0,0,1
102465867,0,0,0,0,0,0
105378766,0,3,0,2,0,0
105375549,2,2,3,7,15,18
10244,148,268,272,224,193,248
81025,2,2,0,2,2,1
10847,161,387,1910,230,229,593
157855,0,0,0,0,0,0
286514,0,0,0,0,0,0
163115,34,75,8,8,18,14
109623483,0,0,0,0,1,0
6836,337,1009,1860,575,522,1176
100500810,1,3,5,0,1,4
5695,609,1038,689,1033,757,998
65217,0,0,0,0,0,0
100132146,0,0,0,0,0,0
100506775,7,5,6,7,10,10
3626,0,1,2,0,1,0
378881,0,0,0,0,0,0
29098,64,179,218,88,114,193
8106,348,777,1174,578,552,960
80004,212,518,694,468,641,932
100289150,0,0,0,0,0,0
1208,0,0,0,0,0,0
6382,1,7,7,2,7,12
4092,31,94,123,23,8,44
406963,0,0,0,0,0,0
100133205,0,0,0,0,0,0
122809,419,776,125,303,166,179
105378601,0,0,0,0,0,0
107986394,0,0,0,0,0,0
125893,186,346,41,161,113,146
105374230,0,0,0,0,0,0
107987057,33,25,31,76,32,25
10877,0,0,0,0,0,0
5527,2007,3429,1471,1871,1443,1993
107987285,7,7,28,12,2,6
105378504,0,0,0,0,0,0
64708,122,370,730,181,162,455
2248,0,0,0,0,0,0
105377982,0,0,0,0,0,0
83872,4,1,0,1,1,0
15,8,11,51,6,10,16
105371798,0,0,0,0,0,0
100126326,0,0,0,0,0,0
105371654,0,0,0,0,0,0
105374367,0,0,0,0,0,0
51119,350,862,230,264,185,310
9923,89,285,858,102,120,282
105373730,1,15,6,4,0,1
284788,0,0,0,0,0,0
2738,38,109,378,98,108,165
3087,665,1038,441,755,381,545
105377816,0,0,0,0,0,0
105379376,0,0,0,0,0,0
80820,63,113,213,171,131,175
105378874,0,0,0,0,0,0
102723582,9,14,4,11,20,12
102724452,0,0,0,0,0,0
100101148,2,17,41,3,4,20
107985965,0,1,0,0,0,0
147381,0,0,0,0,0,0
105375347,0,0,0,0,3,2
6235,5792,11430,1201,7378,7664,7465
163071,1,4,4,5,3,2
148046,4,14,27,2,7,14
109617023,0,1,2,0,1,1
112268436,0,0,0,0,0,0
105371059,10,28,31,7,4,18
105370706,0,0,0,0,1,0
6459,1,1,3,1,2,1
105371763,31,76,29,38,28,51
10672,2748,3926,704,2900,1512,1603
55034,1,2,1,2,4,2
391211,0,0,0,0,0,0
55154,92,203,312,93,132,238
107986874,28,38,1,99,99,112
100616474,0,1,3,0,0,1
107985895,4,0,0,2,2,0
100422908,0,0,0,0,0,0
105370953,1,0,1,0,1,1
100874159,11,16,2,1,2,1
114841035,62,136,168,139,156,194
112268196,366,871,2018,574,512,855
105379453,0,0,0,0,0,0
8905,1956,2812,304,1831,725,1157
402573,12,10,21,23,24,13
283212,8,3,24,10,2,22
390037,0,0,0,0,0,0
729348,0,0,0,0,0,0
5394,268,559,1371,261,277,869
107987000,1,1,0,0,0,0
100874115,1,0,0,0,0,1
101929701,0,0,0,0,0,0
103695365,0,0,0,0,0,0
105374289,0,0,0,0,1,1
116115,45,124,276,58,59,162
107984501,0,0,0,0,0,0
100847059,0,0,0,3,3,3
643136,102,196,49,84,50,65
105372035,0,0,0,0,0,0
105369879,0,0,0,0,0,0
8793,95,125,137,168,84,138
442898,4,12,6,4,7,13
107986631,3,5,2,1,3,2
79989,37,21,18,10,8,16
107986253,0,0,2,0,0,0
653820,10,18,5,19,12,10
112267992,5,1,4,2,4,7
102465993,70,95,1438,117,94,425
107986193,0,0,0,0,0,0
643904,1,4,3,1,1,2
1046,0,0,0,0,0,0
105371102,10,4,1,4,13,4
23295,78,189,997,144,97,268
100126338,1,2,15,1,1,4
51294,12,31,54,16,34,37
55266,276,709,366,302,388,373
440829,50,105,273,134,109,204
105373771,0,0,0,0,0,0
113510,277,515,152,201,183,257
10127,273,561,819,387,298,550
84705,23,100,236,31,27,92
4635,2111,580,1511,1067,976,843
284100,2,1,0,0,2,0
114788,0,0,0,0,0,0
64773,181,441,898,364,467,768
100874392,1,1,0,0,2,1
80128,14,21,98,8,17,30
9366,0,0,0,0,0,0
84623,8,8,21,1,0,8
105369618,0,0,0,0,0,0
29893,112,144,129,223,151,177
100616373,0,0,0,0,0,0
285696,3,2,1,20,5,1
54492,3,4,6,4,1,2
104533120,0,0,0,0,0,0
103695435,0,0,0,0,0,0
7443,218,494,128,298,282,316
3354,0,0,0,0,0,0
100505782,0,0,0,0,0,0
101929380,0,0,0,0,0,1
284412,1,3,4,6,4,3
100422964,0,0,0,0,0,0
105379562,0,0,0,0,0,0
677826,5,7,5,18,10,17
2867,2137,721,893,3171,2663,896
374860,0,0,0,1,0,0
677829,0,0,0,0,0,0
105375919,3,6,0,14,46,22
283025,0,0,0,0,0,0
105370995,0,0,0,0,0,0
22890,670,1486,229,408,277,411
100505549,136,300,79,281,375,331
100616239,0,0,0,0,0,0
284827,0,0,0,0,0,0
105378367,0,0,0,3,0,1
83740,1,1,3,6,4,3
107985302,2,5,16,3,3,9
55893,140,331,560,190,222,376
158228,1,0,0,1,0,0
255252,218,299,297,325,159,219
105373520,0,0,0,0,0,0
107986545,0,1,0,0,1,0
79176,146,288,288,348,269,364
105374696,0,0,0,0,0,0
83416,280,931,1240,367,528,373
100313774,0,0,0,0,0,0
4821,0,0,0,0,0,0
84833,299,360,115,528,300,285
107987042,0,0,1,0,0,0
105379202,1,0,0,0,0,0
105371024,0,0,0,0,0,0
2925,0,4,1,2,1,2
9991,1761,2467,715,3031,1505,1665
1406,0,0,0,0,0,0
107984917,3,1,9,3,6,5
55552,93,151,32,36,29,49
113622,1,6,7,2,7,4
4440,0,0,0,0,0,0
55832,1086,2412,848,969,678,1050
112267914,0,0,0,0,0,0
105377555,0,0,0,0,0,0
107987124,0,0,0,0,0,0
91298,252,445,47,125,146,153
57190,99,251,1245,264,173,480
102466875,0,0,0,0,0,0
286467,30,52,16,28,27,30
102466198,0,0,0,0,1,0
6452,952,1699,2496,1785,1322,1465
3661,323,576,1805,419,558,998
28355,0,0,0,0,1,0
55289,11,12,27,16,13,19
25897,650,1083,184,432,345,345
10625,1924,3164,1115,2391,1263,1507
4691,838,2033,5361,1398,1344,3965
64411,134,127,359,374,330,317
105371241,0,0,0,0,0,0
100506851,2,0,0,0,1,0
107985582,1,0,1,1,0,0
105371990,1,1,2,0,1,0
105375467,0,0,0,0,0,0
105374547,0,0,0,0,0,0
2081,142,175,303,180,106,276
6299,0,0,0,0,0,0
105376235,0,0,0,0,0,0
441818,0,0,0,0,0,0
23563,0,0,1,0,0,1
284382,0,0,0,0,0,0
6477,238,468,238,355,307,423
105369436,8,4,6,14,6,6
79728,102,211,108,86,45,112
29841,24,27,5,27,11,32
107986320,0,0,0,0,0,0
6249,428,609,231,863,437,431
105370611,0,0,0,0,0,0
534,16,29,38,26,31,39
220992,64,159,68,59,39,59
693132,0,0,0,0,0,0
64753,8,35,70,11,20,39
105374083,0,0,0,0,0,0
105372404,7,16,46,0,2,16
101927900,0,0,0,0,0,0
27348,575,444,514,325,343,299
389676,0,0,0,0,0,0
4649,185,443,142,228,236,329
105370244,0,0,0,0,0,0
144448,0,0,0,0,0,0
102724643,0,0,0,0,1,0
53918,85,117,183,184,127,157
100616187,0,0,0,0,0,0
100874091,0,0,0,0,0,3
79587,901,1080,1420,1642,1031,1120
105373925,17,44,188,25,18,49
2814,4,22,20,4,4,14
3621,200,372,256,361,246,273
8483,5,5,20,10,9,15
101927013,0,0,0,0,1,0
8970,82,35,90,171,58,346
1508,2092,1925,5301,4231,1663,3228
105379554,1,1,4,0,2,0
4642,10,29,79,13,31,52
84879,19,23,38,24,29,36
6274,1,1,1,2,3,1
28644,13,26,66,1,14,41
100422834,0,0,0,3,0,0
2135,65,181,36,51,38,44
25937,4,1,2,0,3,2
23214,1353,1659,5016,3613,3469,3603
100616268,0,0,0,0,0,0
246705,0,0,0,0,0,0
100506747,0,2,1,0,1,0
340094,0,0,0,0,0,0
53344,230,514,87,101,95,135
105374262,0,0,0,0,0,0
643376,4,4,7,5,2,5
2794,123,329,721,172,237,485
442899,0,0,0,0,0,0
134701,0,0,0,0,0,0
105370867,0,0,0,0,0,1
51027,65,202,164,134,104,157
85364,158,570,525,170,134,278
105370070,0,0,0,0,0,0
10767,424,798,210,426,281,420
100189032,0,0,0,0,0,0
337969,0,0,0,0,0,0
100529262,145,276,447,262,243,312
102466874,0,0,0,0,0,0
107985140,2,1,6,2,2,5
105371908,0,0,0,0,0,0
57693,139,331,533,184,178,332
729171,0,0,0,0,0,0
57604,0,1,0,4,1,0
55860,671,986,282,794,369,549
105369477,64,228,23,92,97,62
105369140,0,1,2,0,0,3
219968,0,0,0,0,0,0
54680,122,263,238,138,108,204
105372924,0,0,0,0,0,0
105370440,0,0,0,0,0,0
100287042,30,57,72,58,42,53
101929196,0,0,0,0,0,0
140807,14,27,123,26,18,70
5873,1411,1603,419,3299,1546,1101
285577,0,0,0,0,0,0
51667,621,701,1590,437,512,952
377007,0,2,2,1,1,2
3108,1126,2687,2063,1877,2395,2853
8816,319,696,1084,396,429,689
105371625,0,0,0,0,0,0
126321,227,504,1365,258,263,552
100192204,0,3,1,4,2,5
28772,56,202,419,67,232,78
101928944,0,0,0,0,0,0
65059,23,26,12,30,18,11
107984285,0,12,7,5,2,4
8820,16,11,5,2,6,6
100507468,1,2,0,3,1,0
105370616,1,0,0,0,0,0
8829,13,3,25,8,4,17
105370062,0,1,0,1,0,2
399669,12,43,18,16,11,16
2649,11,18,23,85,54,36
387890,2,0,0,1,1,1
56110,0,0,1,0,0,0
374286,1,0,2,0,0,5
105378590,0,0,0,0,0,0
644041,0,0,0,0,0,0
170302,0,0,0,0,0,0
342892,19,38,26,17,36,42
23167,813,1311,269,629,297,476
644809,0,0,0,0,0,1
110006323,50,132,518,59,89,186
128414,0,0,2,0,0,0
105371106,0,1,0,0,0,0
285965,30,25,12,65,39,22
107986790,0,0,0,0,0,0
3551,344,717,1202,599,478,711
8787,9,22,34,8,9,39
100846993,0,0,0,0,0,0
392509,0,2,5,1,1,2
8925,271,616,1350,395,302,772
58509,58,182,527,53,54,193
26037,224,315,840,426,408,606
100885779,0,0,0,0,0,0
170261,0,0,3,2,0,0
101929294,6,11,0,1,1,4
11133,65,67,226,72,86,90
105370832,0,1,1,0,0,1
9852,810,1816,305,954,641,625
1431,362,908,2035,627,597,1288
8766,1121,1712,669,1713,923,2357
102723505,0,0,0,0,0,0
440822,0,0,0,0,0,0
112268411,0,0,0,0,0,0
101928461,1,0,2,1,4,4
170825,0,0,0,0,0,0
105369956,0,0,0,0,0,0
169834,20,87,7,37,8,38
23420,75,169,550,154,183,367
619567,2,7,0,0,0,0
107986228,0,0,0,0,0,0
54495,792,1645,130,529,270,284
313,1627,2081,1721,5585,2071,3427
10325,163,305,114,166,68,73
107986256,1,0,0,11,2,0
5000,598,931,181,610,387,411
105373392,0,0,0,0,0,1
1825,0,0,0,0,0,0
107987388,0,1,7,1,0,3
23546,0,0,0,0,0,1
114884,44,232,255,69,104,121
10647,0,0,0,0,0,0
55665,62,167,452,88,89,217
105369438,12,16,24,25,10,20
169166,0,0,0,0,0,0
102466193,0,0,0,0,1,0
139341,118,204,78,96,90,101
105372091,0,0,0,0,0,0
8321,23,13,29,59,16,18
100302149,0,2,5,5,2,1
79838,535,372,322,690,954,261
100421746,0,0,0,0,0,0
10924,73,54,17,165,24,35
406945,0,0,0,0,0,0
1235,97,571,367,113,169,241
203859,6,1,0,15,0,1
105375999,0,0,0,0,0,0
100534592,143,298,211,250,197,215
51773,789,1452,259,1094,1082,1185
221409,0,0,0,0,0,0
105373102,0,3,17,0,4,4
101927441,6,14,21,9,9,16
285194,0,0,0,0,0,0
105376872,0,0,0,0,0,0
201254,135,211,213,283,223,247
22850,124,168,128,119,89,129
140832,0,0,0,0,0,0
105372497,1,5,4,0,1,2
2146,118,230,170,160,125,232
9797,205,450,1664,275,315,929
5270,17,44,72,16,14,75
57619,0,0,2,0,0,0
84193,397,647,483,496,262,524
105379438,0,0,0,0,0,0
107984770,1,2,4,1,0,11
110006325,11,16,53,15,14,25
155400,93,233,1060,194,286,468
3559,53,82,103,87,31,67
100506542,0,0,0,1,0,0
107985851,0,0,0,1,2,0
105371559,0,0,0,0,0,0
105372407,1,1,0,1,3,0
144455,8,20,3,3,8,9
254042,41,132,186,72,56,99
8763,5710,8030,1059,4431,2275,2533
101927858,5,9,15,7,6,7
100302691,0,0,0,1,1,4
101926977,3,8,7,13,10,9
84182,2,1,5,1,1,3
246312,7,3,1,8,6,7
401507,0,0,0,0,0,0
4499,0,0,0,0,0,0
404665,26,64,216,15,21,66
283970,68,181,336,100,107,238
9878,434,666,972,696,541,843
51490,130,374,814,152,192,444
5932,245,279,39,180,123,121
126382,87,195,261,153,120,216
105371214,0,0,0,1,0,0
54751,0,0,0,0,0,0
25842,363,873,170,298,207,366
100128361,5,9,14,6,5,5
92129,0,0,0,0,0,0
57510,83,210,518,138,126,312
107984743,0,0,0,0,0,0
102724862,15,27,76,28,29,33
10894,7,2,5,29,7,2
100874208,0,0,0,0,0,0
339500,169,436,85,143,135,177
255626,0,0,0,0,0,0
123688,7,27,36,4,18,16
85474,2,12,4,5,4,4
113146,4,18,57,4,6,22
123775,7,9,8,3,4,8
105373848,0,0,0,1,0,0
147746,0,1,3,0,0,1
105372288,3,5,5,5,2,5
26330,20,56,90,18,15,21
401667,0,0,0,0,0,0
102466192,0,0,0,0,0,0
50484,654,950,83,574,288,255
1848,2477,1736,706,2008,1334,974
25948,850,1123,465,686,364,394
100861506,0,0,0,0,0,0
8552,1,7,45,2,4,11
587,36,137,317,81,79,176
29115,328,713,1616,578,541,947
255167,0,0,1,0,0,0
26995,78,202,316,128,77,251
9703,256,577,1626,585,424,889
100422845,0,0,0,0,0,0
4068,815,2723,195,504,501,889
114043,0,1,9,3,1,0
105372347,1,0,0,0,0,0
148281,0,0,1,0,0,1
131616,127,340,96,141,125,155
105377826,3,6,53,8,4,10
105371907,0,1,0,1,0,0
100874167,0,0,0,0,0,0
2787,1047,1151,928,2160,1188,1208
105369371,0,0,0,0,0,0
440804,3,11,21,2,4,21
101928222,0,0,1,1,2,0
100533106,101,168,98,129,79,108
5449,5,3,3,2,4,1
101927917,0,0,0,0,0,0
56103,1,2,1,0,0,0
390535,0,0,0,0,0,0
85457,152,423,139,134,87,149
340017,0,0,0,0,0,0
126306,0,7,7,3,8,9
107984911,0,0,0,0,0,0
112268102,6,28,47,5,7,28
400627,1,4,11,3,1,6
100534589,1,4,0,6,2,2
8516,0,5,1,2,4,1
105375638,0,0,0,0,0,0
79853,0,1,3,3,2,3
1964,588,2007,291,555,643,487
105375840,2,2,5,5,2,4
107986493,0,0,0,0,0,0
101928548,2,14,11,1,4,4
54512,44,71,173,97,64,118
374291,237,545,912,477,403,679
10385,207,423,296,170,157,201
7048,3157,5693,2534,3342,2108,3225
151242,2,0,0,0,0,0
23169,106,306,248,97,72,181
105375593,0,0,0,0,0,0
25884,0,0,0,0,0,0
3045,328835,132982,267530,145989,168765,123012
3964,1157,1464,660,1667,1015,1309
840,103,308,159,105,89,117
10880,0,0,0,0,0,1
7617,23,23,7,12,30,9
55270,68,194,68,86,53,72
9448,900,1200,1914,2787,1749,2020
3068,1782,1983,4388,1707,1393,2848
107985710,0,0,0,0,0,0
9805,98,123,370,108,94,198
9725,433,1182,3443,418,507,1176
105371078,0,0,0,0,0,0
10794,10,16,24,15,11,9
400757,0,0,0,0,0,0
442388,0,0,0,0,0,0
4948,0,2,1,0,0,0
57616,51,34,17,213,67,52
2841,656,2007,448,598,690,909
101928370,23,75,40,33,29,48
101928277,0,0,0,0,0,0
112268139,1,3,1,1,4,1
28702,1,12,11,1,4,6
101929348,0,0,0,0,0,0
79172,136,296,203,288,165,252
105373091,4,1,2,2,2,2
100134444,0,0,0,0,0,0
112268462,0,0,0,0,0,0
105377729,0,0,0,0,0,0
107986956,0,0,0,0,0,0
574029,0,0,0,0,1,0
105379051,0,0,0,0,0,0
5439,490,857,605,1289,833,983
105378816,3,0,0,3,1,1
105369490,0,1,0,0,0,1
102724715,0,1,0,0,1,0
102724105,9,45,8,24,13,42
105371899,0,4,9,1,4,4
140458,0,0,0,0,0,0
105376081,0,0,0,0,0,0
107985278,0,0,2,0,2,1
138199,123,332,49,103,74,117
100287314,0,0,0,0,0,0
56660,4,7,9,2,5,5
406905,0,0,0,0,0,0
84214,0,0,7,0,0,4
494325,0,0,0,0,0,0
27202,216,185,274,656,472,287
314,18,21,40,54,33,51
442720,0,0,0,0,0,0
64593,0,0,0,0,0,0
105370042,1,0,0,0,1,1
105372528,0,0,0,0,0,0
6664,0,0,0,0,0,0
100616269,0,1,1,0,0,0
6942,51,164,705,160,132,265
653786,0,2,2,4,2,5
113675,22,5,40,13,5,15
107986608,0,0,1,0,0,0
105376078,0,0,0,0,0,0
105378260,1,0,0,1,0,0
390882,0,0,0,0,0,0
56670,65,25,4,16,3,21
105375607,0,0,0,0,0,0
388152,5,22,36,5,12,18
105375329,0,0,0,0,0,0
101927411,0,0,0,0,0,0
60437,8,24,18,44,21,21
5676,0,0,0,0,0,0
23041,786,1401,366,580,344,356
1967,365,754,831,598,480,746
51347,698,1181,524,1531,1152,1822
100189356,0,0,0,0,0,0
29919,258,482,542,297,289,499
105374542,0,2,0,0,1,0
6492,0,0,0,0,0,0
3281,1064,1124,339,1870,917,775
142913,1,3,4,3,3,5
643763,0,0,0,0,0,0
101409258,4,5,5,2,4,4
100500857,1,1,0,0,0,0
3191,501,1377,3646,818,691,1780
133686,167,265,55,158,100,160
221481,7,14,45,22,12,26
105747689,86,36,33,258,177,37
105373805,115,225,59,65,104,163
1026,149,208,853,179,139,536
1158,2,1,1,3,2,3
105378456,0,0,0,0,0,0
286234,0,0,0,0,0,0
9288,0,0,0,1,0,0
103504731,1,13,46,0,2,0
107986979,0,0,0,0,0,0
10322,81,217,654,71,129,327
100113392,0,0,0,0,0,2
728175,1,2,0,9,2,1
57575,0,1,0,0,0,0
124222,39,47,93,55,36,62
101927331,0,0,0,0,0,0
790953,0,0,0,0,0,0
105373378,6,11,21,5,7,17
677808,0,0,0,0,0,1
107986719,0,0,0,0,0,0
107984740,0,0,0,0,0,0
353333,0,0,0,0,0,0
128989,375,516,1328,510,401,672
7702,238,430,239,281,228,286
7799,357,691,657,475,405,479
107986963,0,0,0,2,1,1
388387,22,5,2,142,39,20
283165,0,0,0,0,0,0
1213,1853,2636,1348,3696,1822,1964
57152,0,0,0,0,0,0
55278,418,1280,515,444,461,572
57126,94,48,6,1285,368,8
785,36,48,10,17,37,28
2241,107,167,45,65,34,50
4763,261,468,125,372,254,196
100873969,0,0,0,0,0,0
4070,6,13,3,1,1,9
283455,0,0,2,0,1,1
494337,0,0,0,0,0,3
23333,161,287,54,207,76,86
1813,0,0,0,0,0,0
246754,1,0,0,7,12,2
102723552,0,0,0,0,0,0
105370661,0,0,0,0,0,0
10066,213,611,2013,429,335,1267
105375683,2,0,3,2,2,3
105374224,6,2,2,3,3,20
284439,56,225,536,57,98,212
101926940,0,0,0,0,0,0
101928039,0,3,0,0,0,0
57413,28,33,15,21,7,32
4688,6757,4288,3541,15273,7448,6541
4363,244,363,566,272,180,374
28825,245,828,1184,315,1512,1572
60509,917,958,758,2147,1381,1609
105373305,0,0,0,0,0,0
9856,3,6,5,166,24,14
84661,406,655,102,717,535,453
10343,1,14,2,1,4,8
100302743,0,1,0,0,1,1
692223,1,7,1,1,0,2
126792,112,328,578,170,198,309
120534,504,1191,173,401,374,414
105370091,1,2,20,1,6,7
105378736,0,0,0,0,0,0
105372661,0,2,4,0,0,1
100529855,72,74,31,103,72,54
257000,1,1,4,1,4,3
105372876,4,1,0,0,0,3
100287497,38,114,81,116,64,69
26577,1,0,0,0,0,0
25852,390,688,315,409,225,361
105371912,6,17,23,14,4,16
113218500,31120,29147,2598,33807,28204,20636
105376070,3,1,2,0,1,1
101928906,1,0,0,2,2,1
105373831,0,0,0,0,0,0
23039,422,609,701,801,446,756
442894,0,4,0,1,2,0
107984029,2,10,13,6,6,5
105373775,0,0,0,0,0,0
100874089,1,0,0,0,0,0
51533,12,36,35,27,19,43
103695431,0,0,0,0,0,0
653316,1,4,11,3,13,8
105377271,0,0,0,0,0,0
101929289,35,69,29,78,63,56
101929790,0,1,1,3,0,0
201456,2,23,8,8,5,10
9951,0,0,0,0,0,0
23783,0,1,1,3,1,1
55703,84,143,139,86,65,120
100506007,15,18,6,11,10,5
101929552,0,0,0,1,0,0
105377441,0,0,0,0,0,0
8548,594,673,78,370,200,327
28603,15,25,26,14,4,39
100505841,1,0,1,1,0,1
84923,1003,921,784,815,803,992
85012,26,40,65,34,33,55
23596,218,620,239,263,191,223
8874,230,619,921,324,283,457
28521,49,123,16,19,25,49
126248,8,16,21,3,5,21
101928924,0,0,0,0,0,0
100131138,0,0,0,0,0,0
105376391,0,0,0,0,0,0
105371363,0,2,3,12,3,5
79893,781,1154,614,1346,1083,1159
23120,0,0,0,0,0,2
85415,2,2,1,2,7,3
10802,271,468,104,219,179,199
10135,16004,5576,1571,24947,10555,3738
9391,605,1164,1079,934,660,914
400916,132,381,329,272,307,450
107986990,0,0,0,0,0,0
7568,67,69,24,94,65,45
105370941,35,72,21,22,19,20
107984604,0,0,0,0,0,0
10417,246,664,1191,60,156,586
439950,0,0,0,0,0,0
105373294,0,0,0,0,0,0
105378360,0,3,3,1,0,2
29927,676,1233,2592,1625,1818,2288
11177,2476,2591,319,3291,3301,2294
107984889,10,24,18,7,10,15
22876,214,309,111,276,155,147
898,12,51,41,12,38,32
8655,963,1333,1235,1429,989,1454
151300,0,0,0,0,0,0
105374362,0,1,0,0,0,1
102800446,0,0,0,0,0,0
89795,0,1,0,1,0,6
8603,61,166,551,96,134,245
100422938,0,0,0,0,0,1
101928492,33,62,72,27,31,40
105374010,0,3,0,1,2,0
105371071,0,0,0,0,0,0
122664,0,0,1,0,0,0
127281,76,195,572,118,105,320
105369688,0,0,0,0,0,0
100188953,0,3,6,0,0,8
133619,424,811,223,314,195,360
2533,8895,11015,2641,9399,7383,7723
107984766,0,0,0,0,0,0
84138,467,1147,1352,515,440,726
102724294,0,0,0,0,0,0
686,125,236,225,161,156,241
107984656,0,2,4,3,9,3
55319,89,220,73,138,110,116
101928144,0,0,0,0,0,0
107987326,0,1,0,1,2,1
84996,21,49,9,31,18,31
11253,206,445,1137,382,295,715
6307,194,425,189,157,134,157
388886,10,7,11,10,6,17
11311,475,807,382,829,443,539
105377431,0,0,0,0,0,0
339593,0,0,0,0,0,0
9153,2,4,0,1,0,3
2567,0,0,0,0,0,0
127534,0,0,1,0,0,0
2272,15,716,797,98,122,374
7275,3,7,22,9,7,6
105373598,0,0,0,0,0,0
105377844,0,0,0,0,0,0
105378539,68,194,525,129,147,279
118429,720,753,540,1262,770,798
107987280,0,0,0,0,0,0
3641,0,1,0,0,1,0
100653233,0,0,0,0,0,0
285668,0,0,1,0,0,1
124944,174,360,452,339,302,449
105371004,0,0,0,0,0,0
374655,110,198,623,198,122,217
107984201,0,1,1,2,0,1
641384,0,1,3,0,0,0
170626,0,0,0,0,0,0
64757,194,158,55,1111,233,294
105377285,0,0,0,0,0,0
105375977,0,0,0,0,0,0
105379148,0,0,0,0,0,0
170082,103,160,89,99,104,103
101929707,54,7,2,335,119,8
107984374,0,0,0,1,0,3
3796,764,1425,308,774,433,853
9953,147,443,181,195,117,222
8551,21,57,37,27,36,44
8754,93,102,37,293,63,74
83889,0,0,0,0,0,0
105377757,0,0,0,0,0,0
441089,9,15,11,2,3,11
105379351,0,0,0,3,0,0
36,168,469,91,132,76,132
5053,0,0,0,0,0,0
123920,487,933,1037,706,454,911
5597,219,452,51,166,94,132
105373651,0,0,0,0,0,2
375341,163,158,233,528,370,285
105373204,25,42,34,12,11,23
105372360,0,0,0,0,0,0
110806299,0,0,0,0,0,0
123722,38,124,46,34,22,33
100507362,0,0,0,0,0,0
120237,0,0,0,0,0,0
105374791,1,1,3,11,8,2
105370346,0,0,0,0,0,0
26240,21,68,174,31,35,91
28479,16,107,440,20,144,317
102723817,0,0,0,0,0,0
107987103,0,0,1,1,0,0
85437,525,862,97,650,562,708
2944,13,21,393,17,25,627
105377715,0,0,0,0,0,0
105369701,0,0,0,0,0,0
57415,62,29,12,61,35,24
28802,1,28,31,4,16,8
729201,0,1,2,0,0,0
6507,2,7,1,58,6,3
89846,1013,1716,5793,2424,2030,3119
105375378,6,4,0,6,6,1
221908,93,237,181,162,107,138
11321,562,1085,490,693,478,663
100506999,0,0,0,0,0,0
100169952,0,0,0,0,0,0
4761,0,0,2,1,0,0
105370659,0,0,0,0,0,0
55472,1,0,1,2,2,0
105369577,0,0,0,0,0,0
81469,0,0,0,0,0,0
26272,368,763,248,461,263,317
105372240,0,0,8,0,0,0
10901,108,243,276,220,212,280
127733,6,34,37,9,14,23
105371982,0,0,0,0,0,1
1399,389,723,845,628,397,705
107987301,2,1,1,1,6,1
105371449,1,0,2,0,1,0
100101478,8,8,12,10,6,10
128240,275,664,711,434,396,676
101928823,0,0,0,2,0,0
105369496,0,0,0,0,0,0
5470,1,3,1,0,0,0
105375537,0,0,0,0,0,0
100189231,0,0,0,0,0,0
6002,28,67,234,38,30,120
23461,148,302,45,88,53,72
105377647,0,0,0,0,0,0
283991,1001,1598,2245,2275,1749,1859
113219464,0,0,0,0,0,0
100189227,1,5,1,3,3,1
101929681,0,0,0,0,0,0
2357,6402,2996,3673,18281,10597,7370
6960,0,0,0,1,0,2
100506325,6,9,8,8,2,9
107985229,0,2,3,0,1,3
643332,47,21,4,206,45,31
257203,4,5,3,3,1,3
10891,0,0,0,0,1,1
286827,149,396,54,97,73,97
375519,1,2,0,0,1,1
100129345,1,1,0,0,0,0
109864273,4367,8015,35183,7179,8319,5466
8841,212,497,941,306,298,656
101928035,0,1,0,0,0,0
130,3,5,2,2,2,6
340578,0,2,0,0,0,0
105370526,0,0,1,0,0,2
9241,220,589,466,91,96,274
102723694,104,156,29,96,54,62
105379004,0,0,0,0,0,0
645638,16,34,7,12,14,22
105378009,0,0,0,2,0,1
105376936,0,0,0,1,0,0
23503,124,217,545,290,212,331
646817,4,15,5,3,7,5
441521,0,0,0,0,0,0
105370827,0,0,0,0,0,0
284232,1,0,0,0,1,2
6122,20383,63143,32890,28768,33584,56125
6728,500,844,163,620,498,499
767578,0,0,0,0,0,0
126669,400,415,675,1472,837,657
677832,0,4,1,2,1,1
100616232,0,0,0,0,0,0
10930,20,27,3,34,50,56
146336,0,0,0,0,0,0
51148,8,37,57,12,12,37
4808,0,0,0,0,0,0
1350,2236,3518,214,3466,2836,2604
645954,9,10,15,14,12,20
51560,13,13,19,15,6,24
100506124,19,44,32,28,13,21
105374251,0,0,0,0,0,0
100189184,3,8,42,4,2,6
64843,4,18,13,19,35,29
105373035,0,0,0,0,0,0
23223,96,132,764,365,203,202
51655,2,2,10,3,0,3
283601,0,0,0,1,0,0
105369334,0,0,0,0,0,0
100874002,1,9,4,2,2,6
101929022,0,0,0,0,0,0
105373715,1,0,0,0,0,0
4578,73,79,25,276,239,239
140700,44,131,308,53,62,195
105378573,0,0,2,0,0,0
29065,0,0,1,5,4,3
100874291,4,11,4,6,4,9
54540,282,655,1806,479,547,866
220359,57,62,107,41,92,94
100886964,0,0,0,0,0,0
105371301,0,0,0,0,0,0
119504,1381,3036,1376,1655,1589,1703
9132,3,1,9,2,2,0
107986154,0,0,0,0,0,0
107985236,46,111,23,20,45,68
56941,133,392,1116,250,258,612
79922,32,85,229,59,52,122
22797,681,474,18,354,109,104
132625,0,0,0,0,0,0
6247,1,1,0,2,1,0
28346,0,6,0,0,3,3
55362,78,108,428,66,65,178
28969,283,811,550,359,258,591
107984591,0,0,0,0,0,0
105376860,26,59,228,40,34,100
100500811,0,0,0,0,0,0
449492,0,0,0,0,0,0
353133,0,0,0,0,0,0
105372655,0,0,0,0,0,0
105379180,0,0,0,1,2,0
1404,0,0,0,0,0,0
1209,176,579,1316,327,342,831
8821,410,849,163,178,145,206
105377750,2,3,2,1,1,1
693162,0,0,0,0,0,0
1993,0,0,0,0,0,0
107985595,0,0,1,0,0,0
219539,15,11,19,5,13,13
285958,139,301,223,180,155,268
101927901,2,1,5,6,1,6
57122,320,759,323,232,166,305
9152,0,0,0,0,0,0
729970,1,2,0,0,3,3
25822,20,29,44,5,19,11
150696,1,3,10,1,1,0
10982,699,1397,1293,828,667,1440
107985019,4,1,2,0,1,0
132243,0,0,0,0,0,1
100422868,0,0,0,0,0,0
106144536,0,0,0,0,0,0
105373158,0,0,0,0,0,0
102466726,0,0,0,0,0,0
105373703,0,0,0,0,0,0
105369611,0,0,0,0,0,0
57482,1,5,7,17,12,11
107984459,5,17,1,2,2,7
105371441,8,13,11,14,19,17
105372880,0,0,0,0,0,0
286207,15,48,81,28,31,44
162466,1091,1111,4192,1102,1137,1777
102723446,2,2,1,0,2,1
26628,1,6,1,1,1,2
5078,0,0,0,0,0,0
100189084,0,0,0,0,0,0
105370530,0,0,0,0,0,0
321,98,319,1343,89,118,486
107987039,0,0,0,0,0,0
101927440,0,0,0,0,0,0
100189260,0,0,0,0,0,0
23047,499,932,195,505,338,397
3038,81,168,227,133,122,225
6521,2301,702,5769,287,504,1019
390181,0,0,0,0,0,0
105374940,0,1,3,1,2,1
55967,339,757,666,563,396,575
146779,0,0,0,0,0,0
222161,228,388,72,308,267,243
3451,0,0,0,0,0,0
84957,388,568,899,802,474,505
203522,711,1271,337,411,173,298
9002,6,4,30,23,7,68
5894,968,1270,1620,2061,1422,1666
161779,47,91,42,51,25,42
100616396,2,4,7,9,17,16
107985508,0,0,0,0,0,0
5973,68,105,270,156,95,253
112268468,0,0,0,0,0,0
401067,0,0,0,0,0,0
107984945,11,8,13,18,3,6
4951,0,1,2,0,2,1
388646,3,5,2,0,1,2
6439,0,0,3,1,1,1
107984947,21,37,54,28,30,47
58484,397,280,182,789,234,317
105374353,0,2,0,1,0,6
84929,0,5,1,0,2,1
103344932,0,0,0,0,1,0
54819,293,797,37,260,171,149
400950,0,2,0,0,0,1
23329,8,16,22,60,33,23
102466754,0,1,2,0,1,1
105372798,0,4,1,3,0,1
2842,70,156,115,71,82,89
100507419,63,136,555,187,135,212
58483,0,0,0,0,0,0
105376328,0,0,2,0,0,0
7475,0,1,3,0,2,1
100313892,6,6,6,11,2,2
102724077,3,6,9,10,7,20
646892,0,0,0,0,0,1
9827,50,114,398,57,63,159
100130587,0,0,0,0,0,0
102723534,14,25,14,24,42,24
101927608,0,0,0,0,1,0
255488,573,568,128,1107,646,320
102724446,1,1,1,1,0,1
729013,72,190,147,171,134,166
100189123,26,34,17,32,33,27
22878,505,943,252,490,244,334
55295,15,53,222,29,29,93
574408,0,0,0,0,0,0
10611,483,494,182,648,306,275
105375492,6,3,3,19,15,7
387751,583,1135,297,374,526,577
105370470,0,0,0,0,0,0
101929450,0,1,1,0,2,0
107985145,1,1,0,0,0,0
6758,0,0,0,0,0,0
3164,25,34,55,9,9,26
2539,247,378,1418,459,338,1064
6223,7345,15527,17631,11471,13026,14506
107985253,0,0,0,0,0,0
101060632,0,2,1,1,2,0
107984839,3,11,34,6,10,10
28435,0,0,0,0,0,0
91683,0,0,0,0,0,0
105374726,0,2,0,0,1,0
105378238,0,0,0,0,0,0
105374817,0,0,0,0,0,0
10964,11936,2095,874,531,1033,521
102723623,0,0,0,0,0,0
51085,1,0,1,0,0,0
2857,85,162,6,65,40,53
10099,575,1321,635,593,732,740
81603,247,422,997,628,354,586
56884,1,0,0,0,0,0
9353,0,0,0,0,1,1
406968,0,1,0,0,0,0
83877,222,377,247,293,217,372
55909,162,320,541,237,195,316
105369321,0,0,0,0,0,0
92912,508,944,211,381,271,356
6934,192,139,42,167,82,44
159963,0,0,0,0,0,0
81328,0,0,0,0,0,0
1602,46,81,18,68,21,19
339416,0,0,0,0,1,1
1159,0,0,0,0,0,0
55357,84,105,276,272,118,210
414235,0,0,0,0,0,0
55733,7,10,17,5,2,11
100506025,1,0,0,0,0,0
377677,27,28,11,24,11,14
112268472,0,0,0,0,0,0
105377039,0,0,0,0,0,0
728450,0,0,0,0,0,0
100240735,12,19,16,1,11,22
7627,328,703,224,329,260,387
728196,0,0,0,0,0,0
107985174,3,7,16,12,3,19
80775,39,130,138,36,45,86
105374667,0,0,0,0,1,0
105369486,0,1,2,0,0,4
100506084,51,66,61,133,146,165
84142,541,878,145,502,387,365
693126,0,0,0,0,0,0
4935,1,1,0,5,8,1
105373234,0,2,0,0,2,0
3937,2133,2615,2500,3463,2255,2695
4223,0,0,0,0,0,0
728911,0,0,0,0,0,0
101927835,0,0,0,0,0,0
105371743,41,97,39,85,60,70
100533464,30,74,34,18,27,44
58513,114,269,736,235,237,490
107987027,0,0,0,0,0,0
6832,152,339,298,245,255,384
56288,23,12,32,64,28,103
1198,472,620,1242,472,418,803
84971,147,404,420,216,164,292
107986436,0,1,0,1,0,0
400579,3,5,4,2,6,5
105372813,0,0,0,0,0,0
23150,102,90,38,172,42,167
1124,81,126,31,112,55,50
818,337,525,1008,796,606,738
2525,0,0,0,0,0,0
105378639,0,0,0,0,0,0
63036,0,1,0,0,0,0
105372316,0,2,0,0,0,0
109617002,0,2,4,1,0,3
6703,0,0,0,0,0,0
10438,304,509,109,299,170,223
1280,0,1,0,0,0,0
56605,323,542,72,254,182,192
105378267,0,0,0,0,0,0
80174,19,41,154,21,29,60
8825,591,207,33,1262,440,102
64431,326,668,58,255,164,237
107986736,1,0,0,0,0,0
107986258,0,0,0,0,0,0
5034,808,1868,4861,1584,1582,3301
83741,0,0,0,0,1,0
105373919,0,0,0,0,0,0
54834,370,532,141,439,205,270
100507608,0,0,0,0,0,0
112268203,8,9,7,8,7,10
8642,34,128,614,25,31,177
79142,197,421,799,376,314,651
107985792,0,0,0,0,0,0
55630,27,80,150,71,62,85
425054,0,0,0,1,0,0
101929557,0,0,1,0,0,1
5478,9436,20704,6760,15400,11656,12594
105377657,0,0,0,0,0,0
406922,0,0,0,0,0,0
100847019,0,0,0,0,0,0
284312,0,0,0,0,0,0
27077,24,45,41,39,42,65
29127,98,177,127,118,106,152
1840,46,202,601,93,112,263
107987399,1,5,53,2,5,17
100506797,0,2,0,0,0,4
107987344,0,0,0,0,0,0
96597,4,32,81,18,68,57
26251,61,117,366,160,73,162
22927,47,97,167,37,63,128
3001,1011,3478,336,668,1873,2174
9857,847,1562,331,701,441,599
107984789,0,1,0,0,0,0
102466953,0,0,0,0,0,0
55785,78,58,16,120,45,54
105376558,0,0,0,0,0,0
79727,0,0,0,0,1,1
401177,0,0,0,0,0,0
101929963,0,0,0,0,1,0
100101118,0,0,0,0,0,0
105372976,14,36,327,20,20,58
107985840,0,1,9,0,0,1
79572,527,1112,193,498,219,247
112268056,1,3,7,5,3,5
112268253,0,1,7,0,0,1
105376353,0,0,0,0,0,0
388591,7,17,17,10,14,14
105370549,0,0,0,0,0,0
100652857,0,0,0,0,0,0
100996738,3,0,0,0,0,3
5800,177,341,57,108,69,111
107985423,1,1,2,2,1,1
100130460,0,0,0,0,0,2
84897,695,1389,608,1044,818,804
56254,392,681,684,628,454,679
5816,7,17,5,33,30,8
4856,32,24,17,11,25,44
122704,156,314,380,377,264,340
79698,8,18,16,9,4,14
105373699,0,0,0,0,0,0
101930370,11,20,20,26,16,17
100506907,0,0,0,0,0,0
107985006,0,2,0,0,0,0
109616989,0,0,1,0,0,1
3215,0,0,0,0,0,0
28569,49,111,197,27,36,119
55217,165,197,84,249,137,125
105374501,2,1,0,4,5,0
105378339,0,0,0,0,0,0
102465684,0,0,0,0,0,0
105379487,0,1,0,0,0,0
254531,62,187,350,77,79,175
26817,1,10,9,4,6,9
144124,0,0,0,0,0,0
101928972,0,0,0,0,0,0
357,0,4,0,0,0,1
5566,173,315,1679,583,334,815
641700,1,0,2,3,3,2
219858,0,0,0,0,0,0
100131691,7,19,82,14,12,19
100500907,0,0,0,0,0,0
100271722,7,3,2,19,14,5
51735,890,2074,392,628,540,709
619555,0,0,0,0,0,0
409,3726,4089,5377,9861,6117,6578
107986561,0,0,0,0,0,0
23401,1584,1451,1102,4418,2843,2010
100101440,9,19,37,11,12,16
105375646,0,0,0,0,0,0
105379535,0,0,0,0,0,0
104472717,0,0,2,1,1,0
54476,232,584,1407,280,301,782
112268089,37,59,209,44,51,122
54578,0,0,0,0,0,0
3061,43,67,100,58,45,98
107986626,0,0,0,0,0,0
105377460,1,1,1,4,3,6
105377924,0,0,0,0,0,1
107987208,0,0,0,0,0,0
100302132,2,4,10,9,2,5
81794,68,219,656,62,67,172
339967,0,0,1,0,0,0
107986923,0,1,1,0,0,0
337880,0,0,0,0,0,0
151827,36,77,11,15,9,12
105372749,0,0,0,0,0,0
401588,37,108,32,33,19,20
11322,790,2012,6264,769,1150,2633
51111,575,960,418,793,539,606
107986129,0,0,0,0,0,0
3350,0,0,0,0,0,0
2301,0,0,1,0,0,0
101929655,2,5,1,1,6,5
5108,1512,2106,715,1178,798,1094
100616184,9,13,2,19,8,7
3267,810,1454,568,1430,547,736
105378161,0,0,0,0,0,0
4057,13,17,159,13,18,49
105378654,0,0,0,0,0,0
100302522,1,8,6,0,0,0
105375688,0,0,0,0,0,0
155060,17,51,145,26,27,54
102724378,7,9,4,19,8,7
100616423,0,0,0,0,0,0
107986938,0,0,1,0,0,0
105373934,13,35,17,16,10,45
111216285,4,2,0,1,12,0
23155,71,162,129,102,72,92
122953,214,173,181,388,195,228
132724,0,0,0,0,0,0
101927111,3,9,2,1,1,2
90204,79,207,233,78,80,136
101928372,0,0,0,0,1,0
27242,21,21,36,6,5,23
1636,5,1,9,4,3,5
442421,1,2,0,5,1,0
81567,406,891,1333,671,2277,1404
7869,6,2,7,11,3,3
645158,22,42,13,10,5,8
28952,108,305,616,184,146,413
6066,0,0,0,0,1,0
10984,65,118,157,101,95,135
100500858,0,0,0,0,0,0
282996,4,27,53,2,0,5
100505687,32,53,9,28,18,33
100506421,0,0,0,0,0,0
643847,1,12,13,15,8,9
388701,3,3,2,2,1,4
83592,5,25,17,4,10,21
5581,72,176,95,78,103,118
107985499,0,0,0,0,0,0
2048,8,9,19,24,8,4
105375843,0,0,0,0,0,0
8291,335,182,753,2047,1209,678
644215,0,6,22,3,2,14
100506068,0,1,3,1,0,1
54910,38,133,389,20,14,86
346389,5,37,7,10,21,17
5865,0,0,0,0,0,3
5899,1046,842,797,2903,1304,1231
83443,553,1230,832,1049,841,919
79501,0,0,0,4,1,0
105370766,0,0,0,0,0,0
102724484,0,0,0,0,0,0
254773,1,2,7,3,6,14
105376085,0,0,0,0,0,0
50863,1,0,0,0,0,0
553103,58,17,40,87,33,18
105377302,0,0,0,0,0,0
100507059,0,0,0,0,0,0
143244,37,62,107,44,48,87
337967,0,0,0,0,0,0
100422891,0,0,0,0,0,0
26136,1609,3500,1393,1514,733,1567
22894,705,1400,249,585,488,498
8672,235,392,318,487,292,354
389119,37,66,88,57,55,125
1635,193,446,639,292,244,459
3625,4,2,2,23,0,7
105377741,0,0,0,0,0,0
105373999,0,0,0,0,0,0
389668,3,10,0,1,0,1
100862671,39,50,160,92,101,112
109729146,12,15,6,17,14,13
107986774,0,0,0,0,0,0
107986983,0,0,0,1,0,1
651746,20,44,43,50,28,57
693202,0,0,0,0,0,0
100130744,46,54,201,33,15,59
199974,0,0,0,0,0,0
107986167,1,1,0,0,3,3
101929400,0,0,0,0,0,0
105371705,8,7,4,13,7,13
28976,60,283,377,218,79,214
55532,1,0,0,0,0,0
105370637,0,5,1,3,4,3
10605,516,865,151,359,264,342
102465433,0,0,1,0,0,0
8450,1273,2154,520,1304,770,914
112268182,2,13,28,12,7,18
100506281,0,0,0,0,0,0
23514,206,446,317,417,190,257
105378127,0,0,0,0,0,0
151963,11,9,8,14,12,6
28368,0,0,0,0,0,0
5662,21,66,164,47,26,75
5577,865,613,167,1946,502,859
11180,315,855,2476,434,477,1037
343,0,1,1,1,0,2
107986096,0,0,0,0,0,0
7746,71,138,65,84,55,56
6558,94,216,56,59,66,75
105370241,0,0,0,1,0,0
107985079,49,124,98,40,27,106
7570,639,1743,185,335,224,447
158067,0,5,4,0,0,5
54438,84,193,155,76,73,137
51701,215,369,126,268,144,213
51513,59,68,88,15,78,28
102723414,0,0,0,0,0,0
2629,225,222,703,501,284,567
105376592,5,3,1,0,0,1
101927755,15,19,5,10,11,9
105377123,0,0,0,0,0,0
440446,0,0,0,0,0,0
8294,5,8,2,6,4,11
6309,230,432,83,174,119,147
29902,81,193,56,121,56,91
619498,1,1,2,2,2,3
22883,89,309,1230,133,198,475
1196,347,792,930,650,508,758
391253,0,0,0,0,0,0
400735,0,0,0,0,0,0
29914,148,475,846,195,207,504
26809,0,0,4,1,2,3
105378177,0,0,0,0,0,0
100303755,27,55,40,37,25,42
107986992,0,0,0,0,1,0
100287728,0,0,0,0,0,1
100505785,0,0,0,0,0,0
9513,96,209,665,117,119,303
105373265,0,1,6,0,4,5
118980,41,112,202,53,41,109
100506765,0,0,0,0,0,0
29058,816,1863,747,979,591,884
100189303,0,0,0,0,0,0
260293,0,0,0,0,0,0
207,300,698,1525,374,312,754
102466081,0,0,0,0,0,0
392392,0,0,0,1,0,0
102723713,0,1,0,0,0,3
105372244,0,0,1,1,1,1
79884,104,268,15,63,106,112
107984704,0,0,0,0,0,0
5136,0,0,0,0,0,1
105375739,0,0,0,0,0,0
147525,18,43,11,14,7,17
54956,41,122,245,75,77,122
3934,135,58,118,286,81,796
100847077,0,0,0,0,0,0
30000,102,328,839,121,132,288
105371261,0,0,0,0,0,0
28601,52,112,226,37,40,128
406929,0,0,0,0,0,0
388882,0,0,0,0,0,0
101927908,0,0,0,0,0,0
28983,0,1,0,0,0,0
28434,29,109,415,39,125,579
644070,0,0,0,0,0,0
105371472,7,12,22,31,15,13
105378959,0,0,0,0,0,0
105369775,0,0,0,0,0,0
100847083,0,0,0,0,0,0
107985137,0,1,0,3,1,6
105371046,0,0,0,0,0,0
105374728,0,0,0,0,0,0
105378409,0,0,0,0,0,0
55002,125,183,141,263,141,148
100287718,0,0,0,0,0,0
4173,31,101,189,88,101,175
107985050,9,4,25,5,13,15
146556,0,1,1,0,2,3
5528,153,270,716,249,190,487
149773,0,1,0,0,0,0
105370366,0,0,0,0,0,0
101926947,0,1,0,0,0,0
1556,0,0,5,0,0,0
400696,4,1,2,1,6,1
339788,5,4,1,0,2,4
84249,1,2,4,2,1,0
155435,385,863,899,472,299,439
1288,0,2,0,1,1,0
11072,25,55,63,29,24,65
1291,1,4,9,2,3,4
786,0,0,0,0,0,0
284009,4,7,11,3,2,6
100124539,1,0,0,0,0,0
101101775,5,4,3,4,3,7
11023,0,0,0,0,0,0
102724341,0,0,0,0,0,0
22949,0,1,1,6,1,2
107987107,0,1,0,0,2,1
105376440,0,0,0,0,0,0
100189357,0,0,0,0,0,0
102465882,0,0,0,0,0,0
162979,26,105,179,36,48,105
107986376,0,0,0,0,0,0
105375844,0,0,0,0,0,0
101927468,0,0,1,0,0,0
22832,195,285,53,154,106,101
83743,67,156,732,67,103,251
3394,648,1657,1706,959,742,952
2665,2912,5017,2278,3916,2535,3078
158,569,1164,1135,812,678,1088
105375487,0,0,0,0,0,0
105375962,0,0,0,0,0,0
2558,0,0,0,0,0,0
51561,62,133,75,37,50,82
105375417,0,0,1,0,0,0
101928259,0,0,0,0,0,0
105377203,0,0,18,3,2,5
5700,391,612,829,786,506,835
84513,300,1220,653,466,629,586
5362,11,8,40,18,5,37
107986186,0,1,0,1,1,3
345062,0,0,0,0,0,1
10045,59,217,447,59,98,220
222826,1,0,0,0,0,0
100126301,0,0,0,0,0,0
101927516,0,0,1,2,2,3
2652,0,1,0,0,0,0
100874337,0,0,0,0,0,0
390265,0,0,0,0,0,0
8412,3,18,19,8,8,11
81309,0,0,0,0,0,0
9185,264,210,123,570,261,265
107986668,15,19,11,110,64,34
401508,0,0,0,0,1,0
100130701,1,1,0,1,0,1
101928031,0,0,0,0,0,0
102467073,6,2,6,7,12,4
284565,168,257,240,286,178,201
3667,13,38,62,28,23,35
3050,7,6750,103,47,20947,38
105371288,0,3,1,1,6,1
574518,0,0,0,0,0,0
10017,1,1,2,1,2,2
105370372,0,0,0,0,0,0
2131,117,71,125,153,105,119
202658,114,223,190,189,153,197
81797,0,0,0,0,0,0
494334,0,0,0,0,0,0
107985681,0,0,0,0,0,0
253314,0,0,0,0,0,0
105375763,0,0,0,0,0,0
107986531,4,7,26,1,3,2
101927073,0,0,0,1,0,0
105375949,0,0,0,0,0,0
105375981,101,222,43,33,33,46
339488,54,187,179,69,75,125
4089,455,962,554,473,327,472
23476,250,525,1285,491,464,692
83461,6,23,25,17,20,32
22848,497,919,1196,753,630,1105
1006,0,0,0,0,0,0
105370687,63,117,44,37,32,62
100616272,0,0,0,0,0,0
100422832,0,2,6,1,1,1
84820,123,287,332,249,182,297
646960,0,0,0,0,0,0
522,668,1042,102,1170,795,715
149685,0,0,0,0,0,0
105370152,7,14,1,30,17,23
109864282,5973,14890,74932,8036,10427,6405
105370362,0,0,0,0,0,0
1349,743,952,39,1491,1037,823
7837,6,20,33,6,9,28
170627,0,0,0,0,0,0
7083,7,19,84,35,32,100
51074,219,546,60,304,165,226
105369968,55,122,96,131,139,108
3845,698,1018,304,589,268,467
100423023,0,0,0,0,0,0
23787,880,1929,2131,1286,931,1536
57037,202,372,88,149,83,140
105371308,0,1,0,0,0,0
100422843,0,0,0,0,0,0
8332,0,1,0,3,3,3
28450,6,73,375,26,98,218
54919,26,89,188,44,46,83
29954,23,69,120,51,41,74
8662,198,456,3146,290,418,1249
107985329,0,0,0,0,0,0
22914,915,2781,728,601,1149,1867
101929099,9,9,55,14,9,32
105370481,0,0,0,0,0,0
107986713,0,0,0,0,0,0
55172,64,166,37,48,45,73
105370088,3,13,28,5,8,7
100189310,0,0,0,0,0,0
116236,98,248,348,127,117,179
3593,0,0,0,1,0,1
105372581,0,0,0,0,1,0
105369455,0,0,0,0,0,0
2782,1590,2238,3767,3691,2399,3560
140856,0,0,0,0,0,0
5583,546,1366,2411,556,635,1886
441242,48,80,44,55,29,56
117194,0,0,0,0,0,0
101927354,16,13,1,8,17,16
5680,0,0,0,0,0,0
79716,106,165,421,370,266,326
285755,14,47,49,14,18,23
353091,0,0,0,1,0,0
283687,65,72,36,144,77,64
105377660,0,0,0,0,0,0
149134,0,1,5,2,3,2
78987,89,236,479,134,146,289
105373379,0,0,0,0,0,0
724024,0,0,0,0,0,0
10128,916,1865,716,1007,829,1245
254973,0,0,0,0,0,0
28808,0,0,0,0,0,0
105372616,0,0,0,0,0,0
9022,111,367,398,53,156,380
105373095,78,195,716,111,122,258
107986367,0,0,0,0,0,0
4046,977,1748,11338,1928,1639,6347
107984724,0,0,0,0,0,0
102724521,0,2,3,1,0,1
84264,27,83,142,49,84,117
140679,0,0,1,0,0,0
8665,2050,6008,3970,3445,2991,4639
107983969,0,0,0,0,0,0
107987386,0,0,0,0,0,0
7110,624,993,99,507,323,289
677833,0,1,0,0,0,0
112268084,0,1,0,0,0,0
10635,40,43,7,35,23,17
91624,717,1094,104,589,460,1075
23061,228,494,1512,318,260,836
105370629,0,0,1,0,0,0
28431,0,1,0,0,0,0
642345,0,0,0,0,0,0
4512,114066,215404,127780,238110,224921,246082
101340251,0,3,5,0,1,1
100313780,0,0,0,0,0,0
1059,262,633,1915,444,421,889
100126345,0,0,0,0,0,0
285622,0,0,0,0,0,0
79679,0,0,0,0,0,0
105369748,48,38,26,56,94,53
942,996,933,277,1363,571,725
10494,361,829,1322,424,381,836
389677,229,472,127,151,97,100
107985474,0,0,0,0,0,1
9853,12,7,45,19,8,12
8788,2,0,14,14,0,0
10117,4,11,5,15,26,17
105377114,0,0,0,0,0,0
111216286,0,2,8,0,0,3
90576,65,138,26,57,31,41
100423019,0,0,0,0,0,0
1734,0,0,0,0,0,0
246,87,86,162,1,17,136
100529063,248,500,847,438,413,727
692233,0,0,0,0,0,0
112268027,0,0,0,0,0,0
105376154,1,1,1,5,2,2
105373996,0,0,0,0,0,0
2491,10,20,12,19,11,16
126075,57,93,269,177,125,229
26025,0,1,1,0,0,0
102465250,1,0,0,6,0,2
100874114,0,0,0,0,1,0
83756,2,14,39,7,9,28
54498,3314,203,2591,1913,274,1153
9304,22,65,42,25,19,34
100874056,0,0,0,0,0,0
107985456,0,0,0,0,0,0
107987118,13,33,50,44,11,27
2107,621,958,508,929,592,678
5641,29,42,166,33,24,78
56339,402,779,643,466,373,494
10235,1187,3172,9098,1643,1525,3861
723779,0,0,0,0,0,0
105377270,0,0,0,0,0,0
107983963,0,0,0,0,0,0
64850,0,0,0,0,0,0
107984035,13,47,10,14,12,15
9612,62,136,1163,132,107,260
64327,244,441,195,257,201,256
3221,2,19,12,2,4,7
406939,0,0,0,0,0,0
221002,17,56,35,39,41,28
79023,202,350,127,236,171,230
6882,456,715,317,517,386,444
25902,46,56,239,56,67,106
100189091,0,0,0,0,0,0
100507475,1,1,1,3,0,1
23676,0,0,0,0,0,0
6674,90,115,32,81,91,58
339184,1,0,0,1,0,0
6502,231,448,151,116,73,125
100288332,66,67,315,86,153,230
376940,420,663,108,857,1144,938
169522,0,5,0,2,1,0
84811,140,236,356,155,113,319
7006,44,50,24,49,17,38
29803,405,919,1764,494,483,966
22932,19,76,88,35,23,111
440957,53,89,40,102,83,66
57721,391,703,133,314,180,333
1027,568,1177,764,526,383,655
105377405,0,0,0,0,0,0
140880,0,0,0,0,0,0
3213,41,87,173,47,30,45
6556,1252,854,1141,5979,2918,1960
107985692,2,1,0,1,3,2
112268199,7,44,169,7,21,73
137196,1,1,0,1,1,0
64779,66,197,307,113,103,178
644139,0,0,0,0,0,0
107987338,0,0,0,0,0,0
8676,1667,1148,375,1355,754,727
105373195,35,59,105,81,76,84
114599,0,0,3,3,4,1
100189247,0,0,0,0,0,0
79932,517,424,1020,596,521,735
100616480,0,0,1,0,0,0
57545,11,15,7,169,103,30
64096,1,0,0,0,0,0
107984380,0,0,0,0,0,0
155066,186,665,964,155,214,669
390431,0,0,0,0,0,0
9001,0,1,3,1,0,0
51098,195,329,201,210,182,264
10749,50,124,563,105,79,221
23284,0,0,0,0,0,0
105375462,0,0,0,0,0,0
441123,1,5,0,0,2,0
165055,31,74,21,24,27,35
91272,199,460,138,170,141,191
282969,90,162,112,188,153,133
102724354,0,0,1,0,0,0
23365,365,238,173,292,177,325
4329,93,84,163,60,68,114
102723814,0,5,11,0,1,4
735,2,0,0,0,0,0
107985732,0,0,0,0,0,0
494335,0,4,0,1,2,3
105373570,14,30,14,19,8,13
115708,71,210,416,100,120,226
115353,48,89,115,48,36,88
55617,49,149,57,51,31,44
5098,0,0,4,0,1,0
162427,191,485,1488,352,343,633
388550,0,0,0,0,0,0
100616408,1496,2639,644,634,247,312
246182,0,0,0,0,0,1
107985399,2,2,0,4,0,0
151056,236,97,103,292,143,183
3576,25,30,6,22,72,26
11130,51,110,75,103,82,70
105379074,0,0,0,0,0,0
111822955,212,256,283,171,195,255
107985815,0,0,0,0,1,0
441864,1,2,3,3,1,2
4739,499,551,495,694,418,585
58489,20,21,8,19,21,11
112268312,1,0,0,0,0,0
3995,84,380,313,118,206,252
105379215,0,1,1,0,0,0
8848,585,508,458,627,191,1883
105378714,0,0,0,0,0,0
2194,39,126,704,55,50,175
54873,0,0,0,0,1,0
79741,75,180,43,75,77,65
105376134,0,0,0,0,0,0
100874070,0,0,0,1,2,3
51350,0,0,0,0,0,0
286238,0,1,0,0,0,0
107986538,0,0,0,0,0,0
64493,0,0,1,0,0,1
139231,497,868,196,300,138,187
105377557,0,0,0,0,0,0
11240,312,241,185,1739,1078,353
105369761,1,1,5,1,1,1
100302147,0,0,0,0,0,0
105371843,0,0,2,2,2,1
201161,33,90,77,47,46,80
388780,0,0,0,2,0,1
100130771,78,136,36,86,81,73
440163,0,1,0,0,0,0
26052,119,147,79,256,214,274
107985490,0,0,0,0,0,0
57209,192,450,108,136,128,160
729609,0,0,1,1,2,0
83733,88,101,40,183,100,102
401562,4,4,5,1,8,4
6895,118,308,420,126,152,342
105374397,1,4,0,0,1,0
127074,0,0,0,0,0,0
102465526,0,0,0,0,0,0
158248,43,140,248,35,65,117
112267876,0,0,0,0,0,0
23582,3398,2643,1585,3034,1954,1916
105375477,0,0,0,0,0,0
284018,16,34,6,25,16,17
9166,221,463,124,180,151,242
102467075,0,0,0,0,0,0
100996549,1,2,1,4,2,9
105372427,1,2,9,3,5,3
105376273,0,0,0,0,0,0
6341,240,436,454,327,177,346
643311,0,0,0,0,0,0
150737,54,101,24,57,31,52
25946,154,185,983,313,181,678
23466,83,222,984,123,163,341
53615,280,796,2285,447,398,821
51503,855,1332,285,1072,796,879
254879,0,0,0,0,0,0
339978,0,0,0,0,0,0
10149,1,3,1,6,4,2
100505666,10,19,14,14,13,19
107985116,0,0,0,0,0,0
79829,75,309,407,67,78,178
100379220,3,2,0,2,3,1
406994,0,0,2,0,0,0
5555,2,12,2,1,1,3
105372321,33,17,7,9,15,21
100996665,0,0,0,0,0,0
105377609,0,0,0,0,0,0
448834,0,0,0,0,0,0
107984931,0,0,0,0,0,0
105370174,31,81,21,51,48,57
5653,0,0,0,0,0,0
3442,0,1,0,0,0,0
441455,0,0,1,0,0,1
101929144,0,0,0,0,0,0
64078,8,9,2,10,4,5
11186,261,656,1432,378,372,589
400058,1,1,0,0,0,0
100506714,158,243,147,249,185,152
107986872,0,1,0,0,0,0
22906,287,561,621,403,274,387
5138,6,16,33,23,26,31
105379332,0,0,0,0,0,0
112268413,0,1,0,0,0,0
22821,221,678,3092,372,287,979
105377796,0,0,0,0,0,0
100507657,0,0,0,0,0,0
9701,226,541,1492,340,310,741
101927211,2,2,4,2,2,2
8773,1224,1432,738,1513,580,847
101929621,0,1,0,0,0,0
101928303,0,0,0,0,0,0
102723415,8,19,52,10,8,33
5645,3,1,4,4,3,7
107985324,0,0,0,0,0,0
101929484,0,0,0,0,0,0
3116,118,200,108,62,92,43
728586,0,5,10,3,3,7
132141,0,0,0,0,0,0
105373287,0,0,0,0,0,0
112267861,0,1,21,3,6,2
107986423,0,0,0,0,0,0
105376126,0,0,0,1,0,0
101927512,1,0,0,2,0,0
1184,69,103,87,163,52,84
10849,59,136,228,58,69,125
105372141,24,74,99,45,43,84
5166,461,522,35,196,87,99
4733,461,803,581,722,542,675
100422829,0,0,0,0,0,0
101929570,0,0,0,0,0,0
116828,250,494,182,170,118,122
105376387,0,2,0,0,1,5
105373240,0,0,0,0,0,0
101929753,0,0,0,0,0,0
28366,0,1,0,0,0,0
107986767,0,1,0,2,1,2
107985942,6,6,2,8,5,6
644945,0,0,0,0,0,0
100126313,0,0,0,1,1,0
107985877,16,24,49,39,32,46
105371674,0,0,0,0,0,0
105370473,0,0,0,0,0,0
338382,0,2,3,2,0,4
5222,1,10,5,14,3,6
105377714,0,0,0,0,0,0
92305,151,421,657,220,187,379
107985638,0,0,0,0,0,0
107986226,0,0,0,0,0,0
912,335,440,337,517,196,386
100126781,0,0,0,0,0,0
3480,196,304,343,451,241,218
105371729,235,552,262,347,326,326
80349,307,545,300,350,248,364
9464,0,0,0,0,0,0
100423006,0,0,0,0,1,0
107985938,0,0,0,0,0,0
100533467,291,572,439,354,309,477
54674,717,2555,957,612,457,1451
29943,0,0,0,0,0,0
105369961,2,0,1,0,0,0
116840,52,115,363,54,77,192
64735,0,0,0,0,0,0
25959,24,5,51,3,12,25
115560,49,101,11,21,30,37
57664,7,20,29,11,15,18
101928002,1,0,1,0,0,0
271,462,742,1454,647,701,753
101927565,0,0,0,0,0,0
5905,139,294,1852,186,193,640
57585,41,120,370,26,25,67
400236,14,15,13,39,20,8
115825,523,719,906,1022,662,691
100616304,0,0,0,0,0,0
101929200,2,8,20,5,10,11
107987029,0,0,0,0,0,0
101928700,0,0,0,0,0,0
94101,961,2047,409,1124,637,700
29993,5,23,121,3,9,81
104310353,0,0,0,0,0,0
81565,445,470,695,997,612,677
10449,382,708,652,438,385,601
115308161,1,10,3,9,4,8
64403,3,26,56,13,20,27
6141,6487,17642,17485,11154,12918,17766
2876,4109,5654,7291,16613,8322,8989
10368,0,0,0,0,0,0
100137049,69,153,412,147,162,285
79763,49,156,304,115,178,232
101927795,61,104,41,30,10,20
105376528,0,0,0,0,0,0
112267974,0,0,0,0,0,2
83759,167,402,394,227,209,354
116225,88,210,260,115,102,155
9229,4,4,1,6,3,18
101060211,0,0,0,0,0,0
100129060,237,446,540,378,256,339
105370655,7,15,22,3,7,17
57153,1062,1955,5588,2956,2582,3551
9575,251,481,59,204,184,181
1303,0,0,0,0,0,0
8761,425,1055,1513,717,722,1263
8549,1,0,0,0,1,0
100616428,0,0,0,0,0,0
1728,19,49,25,54,25,53
50862,946,1731,281,1738,753,623
105372353,0,1,1,0,1,0
6536,8,5,45,6,6,6
90134,59,16,6,145,42,5
4887,0,0,0,0,0,0
892,439,926,90,467,323,341
54462,528,973,362,384,294,373
111082987,0,0,0,0,0,0
23569,267,212,445,2005,1069,959
10911,220,350,29,588,747,260
105372505,0,1,1,0,0,1
693224,3,15,39,4,8,16
102724362,2,4,6,4,2,6
57492,334,777,556,489,475,593
5213,36,77,181,46,49,105
9131,90,162,453,141,106,329
100129347,1,0,1,0,1,2
26519,224,260,278,282,315,275
54346,0,0,0,0,0,0
101929172,0,0,0,0,0,0
100616321,0,0,0,0,0,0
9704,161,237,826,589,532,527
105377235,0,0,0,0,0,0
101928465,31,91,173,75,70,147
105374418,0,4,3,1,3,2
107985469,0,0,0,0,0,0
102723996,17,87,184,25,41,82
100302148,0,0,0,0,0,0
65121,0,0,0,0,0,0
103695432,0,0,0,0,0,0
88,0,0,0,0,0,0
116729,0,0,2,0,0,0
105375878,0,1,0,0,0,0
107987088,0,0,0,0,0,0
27330,0,1,0,0,0,0
105376542,0,0,0,0,1,0
55209,254,552,758,562,642,806
105370422,0,0,0,0,0,0
105371640,0,0,0,1,0,0
107986150,0,0,0,0,0,0
712,48,41,89,46,33,41
26796,0,0,0,0,0,0
105372003,0,0,0,0,0,0
494188,0,0,0,0,0,0
105376879,1,0,1,0,0,0
10746,1545,2157,325,2123,934,798
2257,0,0,0,0,1,0
100422873,0,0,0,0,0,0
653082,5,18,47,3,2,8
79694,301,471,39,117,92,84
6863,0,0,0,0,0,0
107986277,0,0,0,0,0,0
54148,232,478,149,219,198,218
57221,1,2,0,1,1,0
22854,0,2,0,0,0,2
109623488,0,0,0,0,0,0
105378926,0,0,0,0,0,0
340307,5,6,4,2,2,4
101929692,0,0,0,0,0,0
10970,352,251,402,1080,542,359
105373977,2,10,23,1,2,9
100874231,0,3,1,0,1,0
113218497,0,0,0,0,0,0
112268191,0,0,0,0,0,0
129852,0,0,1,0,0,0
107985953,1,1,0,0,0,0
5626,0,0,0,0,1,0
105375294,0,0,0,0,0,0
23180,189,526,968,210,211,532
80760,0,0,0,0,0,0
51264,173,250,133,286,226,228
100996335,0,0,0,0,0,0
3362,2,6,10,1,0,2
2811,5,19,63,34,13,144
105370044,2,1,0,3,2,2
105371356,2,3,3,1,0,0
152940,9,0,0,0,2,1
64858,37,70,103,51,33,77
105373885,0,0,4,0,0,0
28587,1,2,0,1,1,2
84867,0,0,0,0,0,0
122416,72,51,365,162,70,86
646324,2,0,2,1,0,4
105369709,0,1,0,0,0,0
152926,419,820,645,390,526,621
205,3,2,3,8,3,7
107986168,2,1,0,4,1,0
3109,1952,4266,2522,2744,2496,2542
6573,204,286,609,651,598,572
105371870,26,96,17,27,54,26
246119,7,0,0,6,0,4
406892,0,0,0,0,0,0
100616283,0,0,0,0,0,0
105376655,0,0,0,0,0,0
105374746,28,119,43,39,48,60
574509,0,0,0,0,0,0
107986009,0,0,0,0,0,0
693157,0,0,0,1,0,1
100126319,0,0,0,0,0,0
107984992,0,0,0,1,4,2
101927124,4,10,1,3,4,10
105369608,1,8,18,5,4,5
105371849,15,30,6,17,14,22
100189033,0,0,0,0,0,0
100129722,1,1,4,0,1,4
8338,14,6,6,39,27,23
105373872,0,0,0,0,0,0
51559,39,53,67,125,62,117
25936,616,971,237,527,320,468
26249,58,144,252,55,59,98
340591,33,91,224,88,79,93
100616213,0,0,0,0,0,0
1827,101,173,75,175,77,93
105376924,0,0,0,0,0,0
22929,258,592,369,312,258,429
55974,238,622,528,387,328,559
143689,65,37,29,57,20,26
105376278,0,0,6,0,1,2
85391,5,17,6,8,2,6
90485,10,26,66,15,11,15
3756,0,0,1,0,0,0
100506258,22,36,40,29,15,21
285973,38,93,254,47,62,177
158880,20,54,26,20,19,39
54878,759,1200,314,748,558,591
676,2,0,0,0,1,2
100616414,12,33,72,28,19,57
145978,0,0,0,0,0,0
348,1,0,3,1,0,1
341277,0,1,1,0,0,0
64776,117,264,16,145,155,158
954,0,2,4,0,5,3
100189222,7,13,26,11,5,11
105376365,0,0,0,0,0,0
4199,5,17,6,38,7,5
105374041,0,0,0,0,3,1
10432,180,421,1630,277,305,577
107985195,0,0,0,1,0,0
105370312,0,0,0,0,0,0
105377115,1,0,0,0,0,1
100873065,1,5,1,0,2,1
7259,335,858,778,359,344,592
101927474,0,0,0,0,0,0
83447,0,0,0,0,0,1
2286,63,136,168,139,156,194
102723525,0,0,0,0,0,0
100423038,0,0,0,0,0,0
282706,0,0,0,0,0,0
150185,0,0,0,0,0,0
28878,4,20,29,7,18,17
50509,2,1,26,1,5,1
102465474,0,1,5,0,0,1
26774,19,50,44,19,12,13
100132057,33,80,44,63,65,74
107985224,12,2,7,11,4,9
124274,0,0,0,0,0,0
102577424,0,0,0,0,0,0
79674,20,18,16,41,33,30
105371244,0,0,1,0,0,0
5650,0,0,0,0,0,0
105376737,0,0,0,0,0,0
84677,0,0,0,0,0,0
9127,1,1,13,0,4,13
105375762,0,0,0,0,0,0
9348,1,3,2,1,1,0
92291,0,0,0,3,0,0
105375957,1,2,0,1,2,1
105378884,0,0,0,0,0,0
107985534,0,0,0,0,0,0
105370416,0,0,0,0,0,0
3313,814,1654,1350,1233,979,1573
406952,0,0,0,0,0,0
203429,11,37,29,10,8,15
101929765,0,0,0,0,1,0
574040,3,12,11,1,5,5
5314,0,0,0,3,0,0
107986087,5,5,0,25,29,18
100130539,0,0,0,0,0,0
107985306,0,0,0,2,0,0
100847075,0,0,0,0,1,0
100288842,21,58,24,30,19,29
389762,0,0,0,0,0,0
760,247,58,145,163,93,365
677834,0,1,1,0,1,0
100422976,0,0,0,0,0,0
101927954,84,121,646,141,107,297
285172,1279,1256,125,2304,1323,779
105370128,0,0,0,0,0,0
3553,750,355,183,1501,667,301
145474,21,16,0,67,135,47
1812,0,0,0,0,0,0
6375,55,124,26,38,45,60
105371738,0,0,0,0,0,0
390191,1,5,0,2,0,0
54989,447,915,116,432,243,364
54480,160,395,724,272,259,462
360030,0,0,0,0,0,0
5017,0,0,0,1,1,0
338596,24,67,17,27,13,24
105377567,0,0,1,0,0,0
100462977,0,0,0,1,0,0
102724875,0,1,0,0,0,0
5121,0,0,0,0,0,0
100422942,0,0,0,0,0,0
105377180,0,0,0,0,0,0
79633,0,3,0,2,0,2
113791,933,1818,5489,654,1076,2312
105377432,0,0,0,0,0,0
27235,217,257,62,300,108,154
105377231,0,0,0,0,0,0
340544,40,81,31,40,26,32
146713,2,1,7,1,1,7
2138,0,0,0,0,0,0
100505753,1,3,0,0,0,1
105373126,2,0,0,1,0,0
102724848,0,1,0,0,0,0
2618,250,550,813,330,300,567
101930023,1,9,0,4,5,2
51157,37,150,621,100,133,287
643802,806,400,28,1532,1209,509
105371598,0,1,0,0,0,0
100189239,0,0,0,0,0,0
677814,53,57,17,57,31,40
80740,1,0,1,3,1,2
1186,219,507,1656,378,474,818
28896,76,199,284,108,736,671
111064649,2,1,1,1,3,4
57582,0,0,1,0,0,1
57003,322,537,266,594,303,333
8433,0,8,3,4,0,5
388942,0,0,0,0,0,0
64881,0,0,0,0,0,1
267004,13,21,10,14,17,18
4242,815,2123,3636,1119,886,2042
105377733,0,0,0,0,0,0
100847050,0,0,0,0,0,0
197407,143,356,638,166,223,540
105369927,0,0,0,0,0,0
113218480,0,0,0,0,0,1
407007,0,1,0,0,0,0
8418,214,338,81,130,88,135
101927023,0,0,0,0,0,0
283092,0,0,0,0,0,0
8050,159,273,122,115,81,128
54820,146,285,781,279,260,478
4953,673,1201,885,730,506,1155
107985958,0,0,0,0,0,0
55268,71,174,996,114,164,392
90835,36,44,50,102,70,67
105374107,0,0,0,0,0,0
105369938,0,0,0,0,0,0
107984747,131,83,7,232,139,69
105369344,4,4,3,14,5,5
56938,14,24,5,21,17,14
105377654,1,0,0,0,0,1
85439,163,105,54,255,79,274
105376495,0,0,0,0,0,0
50853,101,314,664,195,155,364
105370991,0,0,0,0,0,0
105372063,0,0,0,0,0,0
101593348,1,3,4,0,3,4
100189410,0,0,0,0,0,0
284800,1,2,1,2,1,1
83693,228,328,143,248,168,229
6559,3,1,21,0,1,6
100616530,0,0,1,2,2,3
105374938,8,26,26,18,15,14
100132234,0,0,0,0,0,0
10609,11,26,30,8,13,20
100996569,0,0,0,0,0,0
65265,162,441,481,245,249,364
283899,168,486,1411,232,270,531
146512,0,0,0,1,0,0
107984301,7,0,0,5,10,4
259282,1679,2441,415,3727,2860,2380
5744,0,2,0,0,0,0
104564225,0,0,0,0,0,1
81035,2,1,1,1,0,6
105373336,0,0,0,0,0,0
10591,141,244,258,283,203,240
105377425,0,0,0,0,0,1
51167,1139,1156,320,1734,724,726
107986345,0,0,0,0,0,0
6288,0,0,0,0,0,0
100189163,0,0,0,0,0,0
11328,4,6,16,21,18,22
105371049,2,10,71,1,3,9
51289,0,0,0,0,0,0
105373080,0,0,0,0,0,0
6529,0,0,0,0,0,0
100996643,0,0,0,0,1,0
55245,104,338,385,178,102,241
6188,8975,29244,19655,15742,14286,21436
105370904,0,0,0,0,0,0
4609,278,802,1731,231,148,690
9087,25,2,0,69,0,81
10736,0,0,0,0,0,0
150590,12,32,13,10,15,14
112268195,2,1,8,1,4,4
105374610,0,0,1,2,2,0
403282,0,0,0,0,0,0
285326,0,0,0,0,0,0
100616477,1,2,3,0,0,0
5828,523,1063,148,594,296,361
503638,1,0,0,0,0,0
441108,260,244,234,105,157,159
64131,84,207,261,127,76,134
134359,246,422,89,172,142,174
100101267,106,269,933,166,206,333
127066,0,0,0,0,0,0
100188954,0,2,6,1,0,1
105374511,0,0,0,0,0,0
100616368,1,1,2,0,1,1
4565,204,98,133,672,392,419
439931,11,37,67,14,28,55
105373525,0,0,0,0,0,0
100847088,0,0,0,0,0,0
105372484,1,4,2,1,2,0
107986537,0,1,0,0,0,1
2764,685,1350,148,454,176,250
11031,1650,1057,537,3832,1382,1219
442582,20,62,160,13,21,72
79077,175,317,461,272,268,307
728,1083,779,973,3902,2281,1739
107986743,0,0,0,0,0,0
643339,5,1,4,2,5,2
6539,16,16,28,40,28,24
641451,0,0,0,0,0,0
101929095,1,0,2,1,2,2
100033442,0,0,0,0,0,0
102724940,0,0,0,0,0,0
103456507,0,0,0,0,0,0
1846,0,6,10,7,8,6
105373666,0,0,0,0,0,0
79020,169,176,55,182,113,151
199699,0,0,0,0,0,0
7410,41,183,432,60,76,188
105376399,0,0,0,0,1,0
800,35,23,14,91,42,39
105377516,0,0,0,0,0,0
107985945,0,0,0,0,0,1
152330,0,5,1,0,0,2
105377964,0,0,0,0,0,0
1604,2017,2301,1103,3226,1488,1456
105378145,0,0,0,0,0,0
105374026,0,0,0,0,0,0
105378541,0,0,0,0,0,0
105375684,0,0,0,0,0,0
105372225,0,0,0,0,0,0
28348,0,0,0,0,0,0
105377752,0,3,1,1,2,1
105372918,0,0,0,0,0,0
29801,93,305,730,91,110,254
7230,0,0,0,0,0,0
28764,0,0,0,0,0,0
100132476,0,0,0,0,0,0
84067,223,472,717,383,232,365
105376944,1,0,8,1,1,0
132200,1,1,0,4,4,6
1314,505,807,2074,1314,851,1530
440982,0,0,0,0,0,0
79058,85,201,586,161,174,316
5287,72,245,829,95,172,250
28477,44,249,886,73,294,899
105369787,0,0,0,0,0,0
105372250,1,1,1,0,1,2
5010,3,2,9,7,1,0
341019,0,0,0,1,0,0
51699,1345,1734,251,1842,1232,949
105374126,0,0,0,0,0,0
105377033,2,1,7,5,5,4
28774,69,150,301,104,282,682
6636,246,570,182,442,338,435
644974,3,14,19,5,4,11
28638,6010,13268,16219,6983,8166,17092
107984669,4,17,0,1,0,1
3908,3,10,4,3,6,7
195828,71,120,31,60,26,70
105369657,1,2,0,1,1,5
2976,147,436,1060,288,260,530
105375730,0,0,1,0,0,0
105370502,1,0,0,1,1,0
107985073,1,0,0,2,2,2
152098,32,36,11,22,11,7
28488,1,2,3,0,0,0
54814,17,103,166,24,71,110
220001,10,16,79,12,7,35
101929258,0,0,0,0,0,0
4854,2,3,6,4,0,1
375196,1,2,1,5,2,5
105375493,0,1,0,2,0,0
57533,120,223,399,303,183,244
105371217,0,0,0,0,0,0
100302286,0,0,0,0,0,0
7781,0,0,0,0,0,1
8021,1627,1048,962,4659,2274,1448
3702,1286,2952,2138,669,517,1409
101927880,0,0,0,0,1,0
54944,16,25,27,17,15,37
9306,52,85,14,46,9,34
283688,0,0,0,0,0,0
221458,2,0,2,3,3,0
121256,3,3,1,11,3,3
56902,109,178,199,116,100,186
29062,101,189,306,154,118,185
107985845,0,0,0,0,0,0
644762,0,3,3,6,3,1
6601,192,474,1750,416,426,791
105372212,0,0,0,0,0,0
767584,0,0,0,0,0,0
171483,0,0,0,0,0,0
51250,107,188,65,147,125,166
619562,7,13,9,3,0,3
105369959,0,0,0,0,0,0
105372470,1,4,2,4,8,9
107984343,0,0,0,0,0,0
113000,135,355,541,229,245,384
55009,193,492,646,375,297,439
105376426,0,0,0,0,0,0
112268034,0,0,0,0,0,0
333926,16,26,56,11,14,24
442862,0,0,0,0,0,0
10761,0,0,1,0,0,0
7257,621,1012,92,571,301,340
56964,1,1,2,0,0,0
56160,214,612,423,158,162,338
101930496,0,0,0,0,0,0
105373933,1,2,1,0,1,0
100286979,22,95,192,15,24,126
105369606,0,0,1,1,0,1
339742,0,1,0,0,0,0
105379126,0,0,0,0,0,0
767593,0,0,0,0,0,0
5525,1866,2446,628,3316,1904,2241
105375013,0,0,1,0,1,1
29967,18,32,6,30,6,26
285533,145,84,29,377,143,77
112574,703,865,250,1636,880,707
729307,0,0,0,0,0,0
51115,508,976,337,666,418,455
100996693,2,2,2,2,0,3
406974,1,1,1,1,1,1
23118,966,1336,494,1212,634,807
100129424,5,12,1,7,14,22
1601,174,132,161,307,77,628
147004,0,0,0,0,0,0
105372613,0,0,0,0,0,0
103164619,1,2,0,1,0,3
282770,0,0,0,0,0,0
10563,1,4,0,0,0,0
105370012,0,0,0,0,0,0
105369405,0,0,0,0,0,0
3360,0,0,0,0,0,0
5718,306,554,353,441,306,416
3177,23,75,194,41,48,107
105376080,1,1,0,1,0,0
105373031,0,2,0,0,2,0
7587,199,342,147,251,210,276
51059,0,0,0,0,0,0
8831,33,157,1055,37,49,249
107985411,0,0,1,0,0,0
9671,1,1,1,1,2,2
107986751,6,4,4,34,19,4
101930746,0,0,3,2,1,2
102724957,0,0,0,13,1,2
107984280,11,16,9,11,17,27
101927056,2,2,5,1,2,0
105372460,0,0,0,0,0,0
654835,0,0,1,0,0,0
1778,217,467,1846,358,375,934
283600,0,0,0,0,0,0
5033,414,747,136,433,249,278
57128,244,466,262,271,238,349
64218,174,146,527,494,359,565
286183,0,0,0,0,0,1
84940,11,17,16,15,10,14
10276,143,234,124,96,84,189
107986564,0,0,0,0,0,0
54732,695,1401,1270,1099,760,1058
105371634,0,0,0,0,0,0
107986075,7,16,9,5,5,9
112268257,0,0,0,0,0,1
441282,0,0,0,0,0,0
105369980,0,0,0,0,0,0
55571,316,586,762,477,374,567
6441,5,1,6,3,1,0
643853,3,9,29,10,5,17
100533990,0,1,1,0,1,0
50865,406,273,253,232,147,236
100302177,0,0,0,0,0,0
105374591,1,2,1,1,2,4
2047,94,37,50,80,116,86
57055,0,0,0,0,0,0
23530,228,539,357,366,239,402
102725159,0,0,0,0,0,0
29935,7,11,0,11,2,1
4105,0,0,0,0,0,0
80817,179,311,63,142,81,130
245908,0,0,0,0,0,0
9553,203,252,136,399,210,224
101926966,0,0,0,0,0,0
105378204,0,0,0,0,0,0
118663,0,0,1,0,0,0
7753,128,334,286,175,148,209
105376445,0,0,0,0,0,0
107986309,0,0,0,0,0,0
109616978,0,0,0,0,0,0
2971,2029,4529,1644,2615,2670,3110
83604,0,0,0,0,0,0
728524,5,7,20,3,5,10
84529,24,50,32,28,33,32
26064,1,4,4,1,0,1
1757,34,100,289,22,21,94
105377745,2,8,15,6,4,7
151126,1,2,0,2,1,4
55754,1480,1885,324,1421,613,800
100189138,0,0,0,0,0,0
124565,145,294,2104,334,308,583
7716,728,1110,346,907,529,564
9802,4522,6184,4391,6336,3675,5569
105371022,0,0,2,0,1,1
105369815,0,0,0,0,0,0
112267907,4,7,36,6,5,8
105371273,0,0,0,0,0,0
11161,142,336,260,115,163,356
813,444,815,272,562,377,354
56672,45,95,77,75,50,107
105371325,0,0,0,0,0,0
388242,3,6,10,8,8,7
105371019,5,5,3,8,1,6
105378130,0,0,0,0,0,0
762,223,166,44,500,236,146
729359,10,8,118,31,48,38
169436,1,7,26,7,13,16
23001,473,239,73,1113,343,159
1267,374,534,1503,525,385,763
105373578,0,0,0,0,0,0
25839,313,545,1068,532,531,927
283422,0,0,0,0,0,0
100507163,0,0,0,0,0,0
105370773,0,0,0,0,0,0
9221,301,714,931,438,441,697
102724820,1,0,1,0,1,1
11046,149,217,150,261,159,357
105377310,1,3,3,0,0,0
7045,512,760,965,1656,529,1241
10424,274,504,393,352,334,401
8634,320,565,265,496,265,393
100271927,72,239,528,134,274,708
1446,0,0,0,3,0,0
101929511,3,7,9,7,2,5
84679,175,689,352,270,333,281
8303,706,1124,1936,1188,780,1637
644591,2,5,1,2,2,0
406984,0,0,0,0,0,0
105377396,2,1,3,2,0,13
85397,0,0,0,2,2,0
105369506,0,0,0,0,0,0
105371225,0,2,0,0,0,0
105377784,0,0,0,1,0,0
253970,0,0,0,0,0,0
2720,96,169,457,282,187,376
55193,497,916,323,627,485,570
107986584,0,0,0,1,0,0
338821,0,0,0,0,0,0
105378589,0,0,1,0,0,1
105375691,0,0,0,0,1,0
4312,5,3,0,5,0,1
654499,2,0,0,2,0,0
105375268,0,0,0,0,0,0
729857,66,106,47,138,87,67
57593,3,6,29,0,8,13
105374811,6,6,3,7,3,8
105371742,0,1,0,0,0,0
340120,12,10,0,52,5,4
406983,0,0,0,0,0,0
107984120,2,10,5,2,6,4
2670,0,0,3,3,2,7
79874,91,310,906,158,237,423
10928,512,660,990,1042,1027,1328
101410538,132,265,310,250,219,343
100189589,0,2,0,0,1,0
7483,0,0,2,0,0,0
107985135,0,0,0,0,0,0
79963,35,75,24,36,27,31
9113,292,530,176,186,112,140
107,0,1,0,0,0,0
6950,699,1344,1643,1064,727,1314
729159,0,0,0,0,0,0
100500808,34,105,80,51,39,74
157807,26,34,4,94,44,49
28999,0,0,0,0,0,0
100188988,0,0,0,0,0,0
105375222,0,0,0,1,0,0
105372290,0,0,0,0,0,0
105377395,0,0,0,0,0,0
109864280,6497,11567,55485,9705,12014,7907
5008,39,28,19,57,23,14
105374795,1,5,1,4,4,2
100287792,0,0,0,0,0,0
105372705,11,8,9,7,7,10
105374195,0,0,0,0,0,0
139886,31,60,2,10,8,10
23540,0,0,0,0,0,0
340260,0,0,0,0,0,0
105374895,0,0,0,0,1,0
23008,372,667,327,461,265,340
101927344,6,2,3,1,1,11
100506532,0,0,0,0,0,0
161514,0,1,12,1,1,1
105369393,0,0,0,0,0,0
8843,397,369,466,1125,924,363
107986418,0,0,0,0,0,0
677848,1,0,1,2,0,2
791232,0,0,0,0,0,0
102724087,0,0,0,0,0,0
107985955,0,0,0,0,0,0
107985784,0,0,0,0,2,0
22918,859,725,757,2972,1155,984
51725,5,4,0,9,5,1
9530,189,372,60,263,116,155
112268072,1,8,11,6,7,5
377841,3,2,1,5,5,5
7145,268,96,921,45,73,206
64925,104,237,348,151,112,268
6561,0,0,0,0,0,0
100507616,266,1088,63,239,396,259
105371044,1,0,7,1,1,1
10024,7,22,34,27,28,32
102466757,0,1,3,0,0,1
4143,0,0,1,0,0,1
750,0,0,0,0,0,0
340706,0,1,2,0,0,0
105376228,0,0,0,0,0,0
100422781,0,0,0,0,0,0
10075,231,543,1738,466,616,1086
100130345,1,2,2,2,0,0
63827,0,5,1,0,1,0
100130520,173,746,118,374,468,65
2762,37,105,209,84,71,160
100616324,0,0,0,0,0,0
439965,76,147,41,62,29,52
105379389,0,0,0,0,0,0
197187,23,44,80,50,48,70
105374768,107,35,23,121,115,137
105378530,0,1,1,0,0,0
25926,822,1587,552,598,386,566
55304,2,9,12,4,3,6
57579,93,151,17,62,30,24
440836,683,345,444,519,460,309
100130373,0,0,0,0,0,0
101929290,2,5,5,3,0,1
4034,715,1564,3996,1217,1221,2257
100505718,0,0,0,0,0,0
102723803,0,0,0,0,0,0
4026,912,1335,349,1189,769,629
107986066,0,0,0,0,0,0
245928,0,0,0,0,0,0
102724363,0,1,1,0,0,0
64744,1931,3004,7530,3735,3398,4456
206426,0,3,0,0,0,1
55083,2,6,8,2,2,7
100189430,0,0,0,0,0,0
79690,40,130,633,32,48,133
101929567,1,0,0,10,4,6
112268173,0,0,0,0,0,0
388512,65,323,564,145,190,339
101515984,0,0,0,0,0,0
10419,145,308,502,225,228,389
26057,470,853,555,686,570,863
8674,442,849,135,352,199,234
105371346,0,0,0,0,0,0
101927780,15,8,2,7,3,20
28381,0,0,0,0,0,0
102725121,16,60,17,116,46,193
57234,164,443,427,276,288,334
26134,18,36,8,22,7,9
100616225,0,0,0,0,0,0
7023,33,125,319,46,49,128
10279,0,2,1,2,6,3
105370767,0,0,0,0,0,0
51659,24,53,50,64,70,60
107986099,0,0,0,0,0,0
3293,5,16,13,16,25,32
105371067,1,0,0,0,0,0
729375,11,25,62,6,14,25
101928851,0,0,0,0,0,0
79697,64,174,301,63,54,165
27197,54,75,7,27,19,34
105372095,0,0,0,0,0,0
10777,5,11,4,3,3,1
100189008,0,1,0,0,0,0
105378839,0,0,0,0,0,0
6203,11691,23946,11018,22350,18513,19186
102723714,1,7,10,3,9,2
1630,0,0,0,2,0,0
26574,105,247,1060,275,294,617
113189,26,107,183,34,46,130
105372468,0,0,0,0,1,0
105375628,0,0,0,0,0,0
147111,1,0,3,0,1,0
387680,367,540,856,498,388,619
107985231,0,0,0,0,1,0
107986826,0,0,0,0,0,0
103908605,3,7,2,4,4,2
105370055,0,0,0,0,0,0
5533,394,1119,527,385,444,599
105377446,0,0,0,2,0,0
100616358,8,21,66,4,6,15
107987207,40,21,63,10,9,41
107985687,2,6,18,1,1,4
28723,0,7,2,2,1,34
9383,1,2609,1175,0,1149,0
204010,1,0,0,0,0,0
105375466,0,0,0,0,0,0
55841,365,512,727,777,787,662
105373151,0,0,0,0,0,0
11188,237,624,2384,377,358,890
1136,1,1,5,0,1,0
3211,0,0,0,0,0,0
11189,117,179,226,273,149,182
101927647,0,1,0,1,0,1
7073,1001,1964,770,1089,723,882
101927017,0,0,0,0,0,0
105369177,1,0,0,1,4,3
105369874,0,0,0,0,0,0
100996662,0,0,4,0,0,0
4985,1,4,7,2,6,10
146850,125,186,185,132,76,290
400258,0,0,0,0,0,0
114814,73,158,145,83,50,97
2004,352,726,303,639,286,447
4648,90,270,549,295,352,297
103352670,0,1,0,0,0,0
613227,3,8,10,5,5,2
5694,395,639,813,824,606,740
107986285,0,0,0,0,0,0
104355143,0,0,0,0,0,1
51660,292,490,189,336,212,267
54461,907,2227,2707,1558,1386,2245
105378358,1,6,1,1,5,4
79482,0,0,0,0,0,0
